[Mon Mar  2 01:09:49 PST 2026] Pulling latest changes...
Already up to date.
[Mon Mar  2 01:09:55 PST 2026] Pulling latest changes...
Already up to date.
[Mon Mar  2 01:10:01 PST 2026] Pulling latest changes...
Already up to date.
[Mon Mar  2 01:10:07 PST 2026] Pulling latest changes...
Already up to date.
[Mon Mar  2 01:10:13 PST 2026] Pulling latest changes...
Already up to date.
[Mon Mar  2 01:10:20 PST 2026] Pulling latest changes...
Already up to date.
[Mon Mar  2 01:10:26 PST 2026] Pulling latest changes...
Already up to date.
[Mon Mar  2 01:10:32 PST 2026] Pulling latest changes...
Already up to date.
[Mon Mar  2 01:10:38 PST 2026] Pulling latest changes...
Already up to date.
[Mon Mar  2 01:10:44 PST 2026] Pulling latest changes...
Already up to date.
[Mon Mar  2 01:10:51 PST 2026] Pulling latest changes...
Already up to date.
[Mon Mar  2 01:10:57 PST 2026] Pulling latest changes...
Already up to date.
[Mon Mar  2 01:11:03 PST 2026] Pulling latest changes...
Already up to date.
[Mon Mar  2 01:11:10 PST 2026] Pulling latest changes...
Already up to date.
[Mon Mar  2 01:11:16 PST 2026] Pulling latest changes...
Already up to date.
[Mon Mar  2 01:11:22 PST 2026] Pulling latest changes...
Already up to date.
[Mon Mar  2 01:11:28 PST 2026] Pulling latest changes...
Already up to date.
[Mon Mar  2 01:11:35 PST 2026] Pulling latest changes...
Already up to date.
[Mon Mar  2 01:11:41 PST 2026] Pulling latest changes...
Already up to date.
[Mon Mar  2 01:11:47 PST 2026] Pulling latest changes...
Already up to date.
[Mon Mar  2 01:11:53 PST 2026] Pulling latest changes...
Already up to date.
[Mon Mar  2 01:11:59 PST 2026] Pulling latest changes...
Already up to date.
[Mon Mar  2 01:12:05 PST 2026] Pulling latest changes...
Already up to date.
[Mon Mar  2 01:12:12 PST 2026] Pulling latest changes...
Already up to date.
[Mon Mar  2 01:12:18 PST 2026] Pulling latest changes...
Already up to date.
[Mon Mar  2 01:12:24 PST 2026] Pulling latest changes...
Already up to date.
[Mon Mar  2 01:12:31 PST 2026] Pulling latest changes...
Already up to date.
[Mon Mar  2 01:12:37 PST 2026] Pulling latest changes...
Already up to date.
[Mon Mar  2 01:12:44 PST 2026] Pulling latest changes...
Already up to date.
[Mon Mar  2 01:12:50 PST 2026] Pulling latest changes...
Already up to date.
[Mon Mar  2 01:12:56 PST 2026] Pulling latest changes...
Already up to date.
[Mon Mar  2 01:13:03 PST 2026] Pulling latest changes...
Already up to date.
[Mon Mar  2 01:13:09 PST 2026] Pulling latest changes...
Already up to date.
[Mon Mar  2 01:13:15 PST 2026] Pulling latest changes...
Already up to date.
[Mon Mar  2 01:13:21 PST 2026] Pulling latest changes...
Already up to date.
[Mon Mar  2 01:13:27 PST 2026] Pulling latest changes...
Already up to date.
[Mon Mar  2 01:13:34 PST 2026] Pulling latest changes...
Already up to date.
[Mon Mar  2 01:13:40 PST 2026] Pulling latest changes...
Already up to date.
[Mon Mar  2 01:13:46 PST 2026] Pulling latest changes...
Already up to date.
[Mon Mar  2 01:13:52 PST 2026] Pulling latest changes...
Already up to date.
[Mon Mar  2 01:13:58 PST 2026] Pulling latest changes...
Already up to date.
[Mon Mar  2 01:14:04 PST 2026] Pulling latest changes...
Already up to date.
[Mon Mar  2 01:14:11 PST 2026] Pulling latest changes...
Already up to date.
[Mon Mar  2 01:14:17 PST 2026] Pulling latest changes...
Already up to date.
[Mon Mar  2 01:14:23 PST 2026] Pulling latest changes...
Already up to date.
[Mon Mar  2 01:14:29 PST 2026] Pulling latest changes...
Already up to date.
[Mon Mar  2 01:14:36 PST 2026] Pulling latest changes...
Already up to date.
[Mon Mar  2 01:14:42 PST 2026] Pulling latest changes...
Already up to date.
[Mon Mar  2 01:14:48 PST 2026] Pulling latest changes...
Already up to date.
[Mon Mar  2 01:14:54 PST 2026] Pulling latest changes...
Already up to date.
[Mon Mar  2 01:15:01 PST 2026] Pulling latest changes...
Already up to date.
[Mon Mar  2 01:15:07 PST 2026] Pulling latest changes...
Already up to date.
[Mon Mar  2 01:15:13 PST 2026] Pulling latest changes...
Already up to date.
[Mon Mar  2 01:15:19 PST 2026] Pulling latest changes...
Already up to date.
[Mon Mar  2 01:15:25 PST 2026] Pulling latest changes...
Already up to date.
[Mon Mar  2 01:15:31 PST 2026] Pulling latest changes...
Already up to date.
[Mon Mar  2 01:15:38 PST 2026] Pulling latest changes...
Already up to date.
[Mon Mar  2 01:15:45 PST 2026] Pulling latest changes...
Already up to date.
[Mon Mar  2 01:15:51 PST 2026] Pulling latest changes...
Already up to date.
[Mon Mar  2 01:15:57 PST 2026] Pulling latest changes...
Already up to date.
[Mon Mar  2 01:16:03 PST 2026] Pulling latest changes...
Already up to date.
[Mon Mar  2 01:16:10 PST 2026] Pulling latest changes...
Already up to date.
[Mon Mar  2 01:16:16 PST 2026] Pulling latest changes...
Already up to date.
[Mon Mar  2 01:16:22 PST 2026] Pulling latest changes...
Already up to date.
[Mon Mar  2 01:16:29 PST 2026] Pulling latest changes...
Already up to date.
[Mon Mar  2 01:16:35 PST 2026] Pulling latest changes...
Already up to date.
[Mon Mar  2 01:16:41 PST 2026] Pulling latest changes...
Already up to date.
[Mon Mar  2 01:16:47 PST 2026] Pulling latest changes...
Already up to date.
[Mon Mar  2 01:16:53 PST 2026] Pulling latest changes...
Already up to date.
[Mon Mar  2 01:16:59 PST 2026] Pulling latest changes...
Already up to date.
[Mon Mar  2 01:17:05 PST 2026] Pulling latest changes...
Already up to date.
[Mon Mar  2 01:17:12 PST 2026] Pulling latest changes...
Already up to date.
[Mon Mar  2 01:17:18 PST 2026] Pulling latest changes...
Already up to date.
[Mon Mar  2 01:17:24 PST 2026] Pulling latest changes...
Already up to date.
[Mon Mar  2 01:17:30 PST 2026] Pulling latest changes...
Already up to date.
[Mon Mar  2 01:17:37 PST 2026] Pulling latest changes...
Already up to date.
[Mon Mar  2 01:17:43 PST 2026] Pulling latest changes...
Already up to date.
[Mon Mar  2 01:17:49 PST 2026] Pulling latest changes...
Already up to date.
[Mon Mar  2 01:17:55 PST 2026] Pulling latest changes...
Already up to date.
[Mon Mar  2 01:18:01 PST 2026] Pulling latest changes...
Already up to date.
[Mon Mar  2 01:18:07 PST 2026] Pulling latest changes...
Already up to date.
[Mon Mar  2 01:18:14 PST 2026] Pulling latest changes...
Already up to date.
[Mon Mar  2 01:18:20 PST 2026] Pulling latest changes...
Already up to date.
[Mon Mar  2 01:18:26 PST 2026] Pulling latest changes...
Already up to date.
[Mon Mar  2 01:18:32 PST 2026] Pulling latest changes...
Already up to date.
[Mon Mar  2 01:18:38 PST 2026] Pulling latest changes...
Already up to date.
[Mon Mar  2 01:18:45 PST 2026] Pulling latest changes...
Already up to date.
[Mon Mar  2 01:18:51 PST 2026] Pulling latest changes...
Already up to date.
[Mon Mar  2 01:18:57 PST 2026] Pulling latest changes...
Already up to date.
[Mon Mar  2 01:19:03 PST 2026] Pulling latest changes...
Already up to date.
[Mon Mar  2 01:19:10 PST 2026] Pulling latest changes...
Already up to date.
[Mon Mar  2 01:19:16 PST 2026] Pulling latest changes...
Already up to date.
[Mon Mar  2 01:19:22 PST 2026] Pulling latest changes...
Already up to date.
[Mon Mar  2 01:19:28 PST 2026] Pulling latest changes...
Already up to date.
[Mon Mar  2 01:19:34 PST 2026] Pulling latest changes...
Already up to date.
[Mon Mar  2 01:19:41 PST 2026] Pulling latest changes...
Already up to date.
[Mon Mar  2 01:19:47 PST 2026] Pulling latest changes...
Already up to date.
[Mon Mar  2 01:19:53 PST 2026] Pulling latest changes...
Already up to date.
[Mon Mar  2 01:19:59 PST 2026] Pulling latest changes...
Already up to date.
[Mon Mar  2 01:20:05 PST 2026] Pulling latest changes...
Already up to date.
[Mon Mar  2 01:20:12 PST 2026] Pulling latest changes...
Already up to date.
[Mon Mar  2 01:20:18 PST 2026] Pulling latest changes...
Already up to date.
[Mon Mar  2 01:20:24 PST 2026] Pulling latest changes...
Already up to date.
[Mon Mar  2 01:20:30 PST 2026] Pulling latest changes...
Already up to date.
[Mon Mar  2 01:20:36 PST 2026] Pulling latest changes...
Already up to date.
[Mon Mar  2 01:20:43 PST 2026] Pulling latest changes...
Already up to date.
[Mon Mar  2 01:20:49 PST 2026] Pulling latest changes...
From https://github.com/open-vulnera/open-vulnera
   373b8cb..4216606  master     -> origin/master
Updating 373b8cb..4216606
Fast-forward
 README.md | 5 +++--
 1 file changed, 3 insertions(+), 2 deletions(-)
[Mon Mar  2 01:20:56 PST 2026] Pulling latest changes...
Already up to date.
[Mon Mar  2 01:21:02 PST 2026] Pulling latest changes...
Already up to date.
[Mon Mar  2 01:21:08 PST 2026] Pulling latest changes...
Already up to date.
[Mon Mar  2 01:21:14 PST 2026] Pulling latest changes...
Already up to date.
[Mon Mar  2 01:21:21 PST 2026] Pulling latest changes...
Already up to date.
[Mon Mar  2 01:21:27 PST 2026] Pulling latest changes...
Already up to date.
[Mon Mar  2 01:21:33 PST 2026] Pulling latest changes...
Already up to date.
[Mon Mar  2 01:21:39 PST 2026] Pulling latest changes...
Already up to date.
[Mon Mar  2 01:21:45 PST 2026] Pulling latest changes...
Already up to date.
[Mon Mar  2 01:21:52 PST 2026] Pulling latest changes...
From https://github.com/open-vulnera/open-vulnera
   4216606..4525c9b  master     -> origin/master
Updating 4216606..4525c9b
Fast-forward
 README.md | 4 +---
 1 file changed, 1 insertion(+), 3 deletions(-)
[Mon Mar  2 01:21:59 PST 2026] Pulling latest changes...
Already up to date.
[Mon Mar  2 01:22:05 PST 2026] Pulling latest changes...
Already up to date.
[Mon Mar  2 01:22:11 PST 2026] Pulling latest changes...
Already up to date.
[Mon Mar  2 01:22:17 PST 2026] Pulling latest changes...
Already up to date.
[Mon Mar  2 01:22:23 PST 2026] Pulling latest changes...
Already up to date.
[Mon Mar  2 01:22:29 PST 2026] Pulling latest changes...
Already up to date.
[Mon Mar  2 01:22:36 PST 2026] Pulling latest changes...
Already up to date.
[Mon Mar  2 01:22:42 PST 2026] Pulling latest changes...
Already up to date.
[Mon Mar  2 01:22:48 PST 2026] Pulling latest changes...
Already up to date.
[Mon Mar  2 01:22:54 PST 2026] Pulling latest changes...
From https://github.com/open-vulnera/open-vulnera
   4525c9b..c164473  master     -> origin/master
Updating 4525c9b..c164473
Fast-forward
 README.md | 17 ++++++++++++-----
 1 file changed, 12 insertions(+), 5 deletions(-)
[Mon Mar  2 01:23:01 PST 2026] Pulling latest changes...
Already up to date.
[Mon Mar  2 01:23:07 PST 2026] Pulling latest changes...
Already up to date.
[Mon Mar  2 01:23:13 PST 2026] Pulling latest changes...
Already up to date.
[Mon Mar  2 01:23:19 PST 2026] Pulling latest changes...
Already up to date.
[Mon Mar  2 01:23:26 PST 2026] Pulling latest changes...
Already up to date.
[Mon Mar  2 01:23:32 PST 2026] Pulling latest changes...
Already up to date.
[Mon Mar  2 01:23:38 PST 2026] Pulling latest changes...
Already up to date.
[Mon Mar  2 01:23:44 PST 2026] Pulling latest changes...
Already up to date.
[Mon Mar  2 01:23:50 PST 2026] Pulling latest changes...
Already up to date.
[Mon Mar  2 01:23:56 PST 2026] Pulling latest changes...
Already up to date.
[Mon Mar  2 01:24:03 PST 2026] Pulling latest changes...
Already up to date.
[Mon Mar  2 01:24:09 PST 2026] Pulling latest changes...
Already up to date.
[Mon Mar  2 01:24:15 PST 2026] Pulling latest changes...
Already up to date.
[Mon Mar  2 01:24:21 PST 2026] Pulling latest changes...
Already up to date.
[Mon Mar  2 01:24:27 PST 2026] Pulling latest changes...
Already up to date.
[Mon Mar  2 01:24:34 PST 2026] Pulling latest changes...
Already up to date.
[Mon Mar  2 01:24:40 PST 2026] Pulling latest changes...
Already up to date.
[Mon Mar  2 01:24:46 PST 2026] Pulling latest changes...
Already up to date.
[Mon Mar  2 01:24:53 PST 2026] Pulling latest changes...
Already up to date.
[Mon Mar  2 01:24:59 PST 2026] Pulling latest changes...
From https://github.com/open-vulnera/open-vulnera
 * [new branch]      main       -> origin/main
Your configuration specifies to merge with the ref 'refs/heads/master'
from the remote, but no such ref was fetched.
[Mon Mar  2 01:25:06 PST 2026] Pulling latest changes...
Your configuration specifies to merge with the ref 'refs/heads/master'
from the remote, but no such ref was fetched.
[Mon Mar  2 01:25:12 PST 2026] Pulling latest changes...
Your configuration specifies to merge with the ref 'refs/heads/master'
from the remote, but no such ref was fetched.
[Mon Mar  2 01:25:18 PST 2026] Pulling latest changes...
Your configuration specifies to merge with the ref 'refs/heads/master'
from the remote, but no such ref was fetched.
[Mon Mar  2 01:25:24 PST 2026] Pulling latest changes...
Already up to date.
[Mon Mar  2 01:25:30 PST 2026] Pulling latest changes...
Already up to date.
[Mon Mar  2 01:25:36 PST 2026] Pulling latest changes...
Already up to date.
[Mon Mar  2 01:25:43 PST 2026] Pulling latest changes...
Already up to date.
[Mon Mar  2 01:25:49 PST 2026] Pulling latest changes...
Already up to date.
[Mon Mar  2 01:25:55 PST 2026] Pulling latest changes...
Already up to date.
[Mon Mar  2 01:26:01 PST 2026] Pulling latest changes...
Already up to date.
[Mon Mar  2 01:26:07 PST 2026] Pulling latest changes...
Already up to date.
[Mon Mar  2 01:26:14 PST 2026] Pulling latest changes...
Already up to date.
[Mon Mar  2 01:26:20 PST 2026] Pulling latest changes...
Already up to date.
[Mon Mar  2 01:26:26 PST 2026] Pulling latest changes...
Already up to date.
[Mon Mar  2 01:26:32 PST 2026] Pulling latest changes...
Already up to date.
[Mon Mar  2 01:26:39 PST 2026] Pulling latest changes...
Already up to date.
[Mon Mar  2 01:26:45 PST 2026] Pulling latest changes...
Already up to date.
[Mon Mar  2 01:26:51 PST 2026] Pulling latest changes...
Already up to date.
[Mon Mar  2 01:26:57 PST 2026] Pulling latest changes...
Already up to date.
[Mon Mar  2 01:27:03 PST 2026] Pulling latest changes...
Already up to date.
[Mon Mar  2 01:27:10 PST 2026] Pulling latest changes...
Already up to date.
[Mon Mar  2 01:27:16 PST 2026] Pulling latest changes...
Already up to date.
[Mon Mar  2 01:27:22 PST 2026] Pulling latest changes...
Already up to date.
[Mon Mar  2 01:27:28 PST 2026] Pulling latest changes...
Already up to date.
[Mon Mar  2 01:27:34 PST 2026] Pulling latest changes...
Already up to date.
[Mon Mar  2 01:27:41 PST 2026] Pulling latest changes...
Already up to date.
[Mon Mar  2 01:27:47 PST 2026] Pulling latest changes...
Already up to date.
[Mon Mar  2 01:27:53 PST 2026] Pulling latest changes...
Already up to date.
[Mon Mar  2 01:27:59 PST 2026] Pulling latest changes...
Already up to date.
[Mon Mar  2 01:28:05 PST 2026] Pulling latest changes...
Already up to date.
[Mon Mar  2 01:28:11 PST 2026] Pulling latest changes...
Already up to date.
[Mon Mar  2 01:28:18 PST 2026] Pulling latest changes...
Already up to date.
[Mon Mar  2 01:28:24 PST 2026] Pulling latest changes...
Already up to date.
[Mon Mar  2 01:28:30 PST 2026] Pulling latest changes...
Already up to date.
[Mon Mar  2 01:28:36 PST 2026] Pulling latest changes...
Already up to date.
[Mon Mar  2 01:28:42 PST 2026] Pulling latest changes...
Already up to date.
[Mon Mar  2 01:28:49 PST 2026] Pulling latest changes...
Already up to date.
[Mon Mar  2 01:28:55 PST 2026] Pulling latest changes...
Already up to date.
[Mon Mar  2 01:29:01 PST 2026] Pulling latest changes...
Already up to date.
[Mon Mar  2 01:29:07 PST 2026] Pulling latest changes...
Already up to date.
[Mon Mar  2 01:29:13 PST 2026] Pulling latest changes...
From https://github.com/open-vulnera/open-vulnera
   c164473..1ffe588  main       -> origin/main
Updating c164473..1ffe588
Fast-forward
 README.md | 2 +-
 1 file changed, 1 insertion(+), 1 deletion(-)
[Mon Mar  2 01:29:20 PST 2026] Pulling latest changes...
Already up to date.
[Mon Mar  2 01:29:26 PST 2026] Pulling latest changes...
Already up to date.
[Mon Mar  2 01:29:33 PST 2026] Pulling latest changes...
Already up to date.
[Mon Mar  2 01:29:39 PST 2026] Pulling latest changes...
Already up to date.
[Mon Mar  2 01:29:45 PST 2026] Pulling latest changes...
Already up to date.
[Mon Mar  2 01:29:51 PST 2026] Pulling latest changes...
Already up to date.
[Mon Mar  2 01:29:57 PST 2026] Pulling latest changes...
Already up to date.
[Mon Mar  2 01:30:04 PST 2026] Pulling latest changes...
Already up to date.
[Mon Mar  2 01:30:10 PST 2026] Pulling latest changes...
Already up to date.
[Mon Mar  2 01:30:16 PST 2026] Pulling latest changes...
Already up to date.
[Mon Mar  2 01:30:22 PST 2026] Pulling latest changes...
Already up to date.
[Mon Mar  2 01:30:28 PST 2026] Pulling latest changes...
Already up to date.
[Mon Mar  2 01:30:34 PST 2026] Pulling latest changes...
Already up to date.
[Mon Mar  2 01:30:40 PST 2026] Pulling latest changes...
Already up to date.
[Mon Mar  2 01:30:47 PST 2026] Pulling latest changes...
Already up to date.
[Mon Mar  2 01:30:53 PST 2026] Pulling latest changes...
Already up to date.
[Mon Mar  2 01:30:59 PST 2026] Pulling latest changes...
Already up to date.
[Mon Mar  2 01:31:05 PST 2026] Pulling latest changes...
Already up to date.
[Mon Mar  2 01:31:11 PST 2026] Pulling latest changes...
Already up to date.
[Mon Mar  2 01:31:17 PST 2026] Pulling latest changes...
Already up to date.
[Mon Mar  2 01:31:24 PST 2026] Pulling latest changes...
Already up to date.
[Mon Mar  2 01:31:30 PST 2026] Pulling latest changes...
Already up to date.
[Mon Mar  2 01:31:36 PST 2026] Pulling latest changes...
Already up to date.
[Mon Mar  2 01:31:42 PST 2026] Pulling latest changes...
Already up to date.
[Mon Mar  2 01:31:48 PST 2026] Pulling latest changes...
Already up to date.
[Mon Mar  2 01:31:55 PST 2026] Pulling latest changes...
Already up to date.
[Mon Mar  2 01:32:01 PST 2026] Pulling latest changes...
Already up to date.
[Mon Mar  2 01:32:07 PST 2026] Pulling latest changes...
Already up to date.
[Mon Mar  2 01:32:13 PST 2026] Pulling latest changes...
Already up to date.
[Mon Mar  2 01:32:19 PST 2026] Pulling latest changes...
Already up to date.
[Mon Mar  2 01:32:25 PST 2026] Pulling latest changes...
Already up to date.
[Mon Mar  2 01:32:32 PST 2026] Pulling latest changes...
Already up to date.
[Mon Mar  2 01:32:38 PST 2026] Pulling latest changes...
Already up to date.
[Mon Mar  2 01:32:44 PST 2026] Pulling latest changes...
Already up to date.
[Mon Mar  2 01:32:50 PST 2026] Pulling latest changes...
Already up to date.
[Mon Mar  2 01:32:56 PST 2026] Pulling latest changes...
Already up to date.
[Mon Mar  2 01:33:02 PST 2026] Pulling latest changes...
Already up to date.
[Mon Mar  2 01:33:08 PST 2026] Pulling latest changes...
Already up to date.
[Mon Mar  2 01:33:15 PST 2026] Pulling latest changes...
Already up to date.
[Mon Mar  2 01:33:21 PST 2026] Pulling latest changes...
Already up to date.
[Mon Mar  2 01:33:27 PST 2026] Pulling latest changes...
Already up to date.
[Mon Mar  2 01:33:33 PST 2026] Pulling latest changes...
Already up to date.
[Mon Mar  2 01:33:39 PST 2026] Pulling latest changes...
Already up to date.
[Mon Mar  2 01:33:45 PST 2026] Pulling latest changes...
Already up to date.
[Mon Mar  2 01:33:52 PST 2026] Pulling latest changes...
Already up to date.
[Mon Mar  2 01:33:58 PST 2026] Pulling latest changes...
Already up to date.
[Mon Mar  2 01:34:04 PST 2026] Pulling latest changes...
Already up to date.
[Mon Mar  2 01:34:10 PST 2026] Pulling latest changes...
Already up to date.
[Mon Mar  2 01:34:16 PST 2026] Pulling latest changes...
Already up to date.
[Mon Mar  2 01:34:22 PST 2026] Pulling latest changes...
Already up to date.
[Mon Mar  2 01:34:29 PST 2026] Pulling latest changes...
Already up to date.
[Mon Mar  2 01:34:35 PST 2026] Pulling latest changes...
Already up to date.
[Mon Mar  2 01:34:41 PST 2026] Pulling latest changes...
Already up to date.
[Mon Mar  2 01:34:48 PST 2026] Pulling latest changes...
Already up to date.
[Mon Mar  2 01:34:54 PST 2026] Pulling latest changes...
Already up to date.
[Mon Mar  2 01:35:00 PST 2026] Pulling latest changes...
Already up to date.
[Mon Mar  2 01:35:06 PST 2026] Pulling latest changes...
Already up to date.
[Mon Mar  2 01:35:12 PST 2026] Pulling latest changes...
Already up to date.
[Mon Mar  2 01:35:18 PST 2026] Pulling latest changes...
Already up to date.
[Mon Mar  2 01:35:24 PST 2026] Pulling latest changes...
Already up to date.
[Mon Mar  2 01:35:30 PST 2026] Pulling latest changes...
Already up to date.
[Mon Mar  2 01:35:37 PST 2026] Pulling latest changes...
Already up to date.
[Mon Mar  2 01:35:43 PST 2026] Pulling latest changes...
Already up to date.
[Mon Mar  2 01:35:49 PST 2026] Pulling latest changes...
Already up to date.
[Mon Mar  2 01:35:55 PST 2026] Pulling latest changes...
Already up to date.
[Mon Mar  2 01:36:02 PST 2026] Pulling latest changes...
Already up to date.
[Mon Mar  2 01:36:08 PST 2026] Pulling latest changes...
Already up to date.
[Mon Mar  2 01:36:14 PST 2026] Pulling latest changes...
Already up to date.
[Mon Mar  2 01:36:20 PST 2026] Pulling latest changes...
Already up to date.
[Mon Mar  2 01:36:26 PST 2026] Pulling latest changes...
Already up to date.
[Mon Mar  2 01:36:32 PST 2026] Pulling latest changes...
Already up to date.
[Mon Mar  2 01:36:39 PST 2026] Pulling latest changes...
Already up to date.
[Mon Mar  2 01:36:45 PST 2026] Pulling latest changes...
Already up to date.
[Mon Mar  2 01:36:51 PST 2026] Pulling latest changes...
Already up to date.
[Mon Mar  2 01:36:57 PST 2026] Pulling latest changes...
Already up to date.
[Mon Mar  2 01:37:03 PST 2026] Pulling latest changes...
Already up to date.
[Mon Mar  2 01:37:10 PST 2026] Pulling latest changes...
Already up to date.
[Mon Mar  2 01:37:16 PST 2026] Pulling latest changes...
Already up to date.
[Mon Mar  2 01:37:22 PST 2026] Pulling latest changes...
Already up to date.
[Mon Mar  2 01:37:29 PST 2026] Pulling latest changes...
Already up to date.
[Mon Mar  2 01:37:35 PST 2026] Pulling latest changes...
Already up to date.
[Mon Mar  2 01:37:41 PST 2026] Pulling latest changes...
Already up to date.
[Mon Mar  2 01:37:47 PST 2026] Pulling latest changes...
Already up to date.
[Mon Mar  2 01:37:54 PST 2026] Pulling latest changes...
Already up to date.
[Mon Mar  2 01:38:00 PST 2026] Pulling latest changes...
Already up to date.
[Mon Mar  2 01:38:06 PST 2026] Pulling latest changes...
Already up to date.
[Mon Mar  2 01:38:12 PST 2026] Pulling latest changes...
Already up to date.
[Mon Mar  2 01:38:18 PST 2026] Pulling latest changes...
Already up to date.
[Mon Mar  2 01:38:25 PST 2026] Pulling latest changes...
Already up to date.
[Mon Mar  2 01:38:31 PST 2026] Pulling latest changes...
Already up to date.
[Mon Mar  2 01:38:37 PST 2026] Pulling latest changes...
Already up to date.
[Mon Mar  2 01:38:43 PST 2026] Pulling latest changes...
Already up to date.
[Mon Mar  2 01:38:49 PST 2026] Pulling latest changes...
Already up to date.
[Mon Mar  2 01:38:55 PST 2026] Pulling latest changes...
Already up to date.
[Mon Mar  2 01:39:02 PST 2026] Pulling latest changes...
Already up to date.
[Mon Mar  2 01:39:08 PST 2026] Pulling latest changes...
Already up to date.
[Mon Mar  2 01:39:14 PST 2026] Pulling latest changes...
Already up to date.
[Mon Mar  2 01:39:20 PST 2026] Pulling latest changes...
Already up to date.
[Mon Mar  2 01:39:26 PST 2026] Pulling latest changes...
Already up to date.
[Mon Mar  2 01:39:33 PST 2026] Pulling latest changes...
Already up to date.
[Mon Mar  2 01:39:39 PST 2026] Pulling latest changes...
Already up to date.
[Mon Mar  2 01:39:45 PST 2026] Pulling latest changes...
Already up to date.
[Mon Mar  2 01:39:51 PST 2026] Pulling latest changes...
Already up to date.
[Mon Mar  2 01:39:57 PST 2026] Pulling latest changes...
Already up to date.
[Mon Mar  2 01:40:05 PST 2026] Pulling latest changes...
Already up to date.
[Mon Mar  2 01:40:11 PST 2026] Pulling latest changes...
Already up to date.
[Mon Mar  2 01:40:17 PST 2026] Pulling latest changes...
Already up to date.
[Mon Mar  2 01:40:23 PST 2026] Pulling latest changes...
Already up to date.
[Mon Mar  2 01:40:30 PST 2026] Pulling latest changes...
Already up to date.
[Mon Mar  2 01:40:36 PST 2026] Pulling latest changes...
Already up to date.
[Mon Mar  2 01:40:42 PST 2026] Pulling latest changes...
Already up to date.
[Mon Mar  2 01:40:48 PST 2026] Pulling latest changes...
Already up to date.
[Mon Mar  2 01:40:55 PST 2026] Pulling latest changes...
Already up to date.
[Mon Mar  2 01:41:01 PST 2026] Pulling latest changes...
Already up to date.
[Mon Mar  2 01:41:07 PST 2026] Pulling latest changes...
Already up to date.
[Mon Mar  2 01:41:13 PST 2026] Pulling latest changes...
Already up to date.
[Mon Mar  2 01:41:20 PST 2026] Pulling latest changes...
Already up to date.
[Mon Mar  2 01:41:26 PST 2026] Pulling latest changes...
Already up to date.
[Mon Mar  2 01:41:32 PST 2026] Pulling latest changes...
Already up to date.
[Mon Mar  2 01:41:38 PST 2026] Pulling latest changes...
Already up to date.
[Mon Mar  2 01:41:44 PST 2026] Pulling latest changes...
Already up to date.
[Mon Mar  2 01:41:50 PST 2026] Pulling latest changes...
Already up to date.
[Mon Mar  2 01:41:56 PST 2026] Pulling latest changes...
Already up to date.
[Mon Mar  2 01:42:03 PST 2026] Pulling latest changes...
Already up to date.
[Mon Mar  2 01:42:09 PST 2026] Pulling latest changes...
Already up to date.
[Mon Mar  2 01:42:15 PST 2026] Pulling latest changes...
Already up to date.
[Mon Mar  2 01:42:21 PST 2026] Pulling latest changes...
Already up to date.
[Mon Mar  2 01:42:27 PST 2026] Pulling latest changes...
Already up to date.
[Mon Mar  2 01:42:34 PST 2026] Pulling latest changes...
Already up to date.
[Mon Mar  2 01:42:40 PST 2026] Pulling latest changes...
Already up to date.
[Mon Mar  2 01:42:46 PST 2026] Pulling latest changes...
Already up to date.
[Mon Mar  2 01:42:52 PST 2026] Pulling latest changes...
Already up to date.
[Mon Mar  2 01:42:58 PST 2026] Pulling latest changes...
Already up to date.
[Mon Mar  2 01:43:05 PST 2026] Pulling latest changes...
Already up to date.
[Mon Mar  2 01:43:11 PST 2026] Pulling latest changes...
Already up to date.
[Mon Mar  2 01:43:17 PST 2026] Pulling latest changes...
Already up to date.
[Mon Mar  2 01:43:23 PST 2026] Pulling latest changes...
Already up to date.
[Mon Mar  2 01:43:29 PST 2026] Pulling latest changes...
Already up to date.
[Mon Mar  2 01:43:36 PST 2026] Pulling latest changes...
Already up to date.
[Mon Mar  2 01:43:42 PST 2026] Pulling latest changes...
Already up to date.
[Mon Mar  2 01:43:48 PST 2026] Pulling latest changes...
Already up to date.
[Mon Mar  2 01:43:55 PST 2026] Pulling latest changes...
Already up to date.
[Mon Mar  2 01:44:01 PST 2026] Pulling latest changes...
Already up to date.
[Mon Mar  2 01:44:07 PST 2026] Pulling latest changes...
Already up to date.
[Mon Mar  2 01:44:13 PST 2026] Pulling latest changes...
Already up to date.
[Mon Mar  2 01:44:19 PST 2026] Pulling latest changes...
Already up to date.
[Mon Mar  2 01:44:25 PST 2026] Pulling latest changes...
Already up to date.
[Mon Mar  2 01:44:31 PST 2026] Pulling latest changes...
Already up to date.
[Mon Mar  2 01:44:38 PST 2026] Pulling latest changes...
Already up to date.
[Mon Mar  2 01:44:44 PST 2026] Pulling latest changes...
Already up to date.
[Mon Mar  2 01:44:50 PST 2026] Pulling latest changes...
Already up to date.
[Mon Mar  2 01:44:56 PST 2026] Pulling latest changes...
Already up to date.
[Mon Mar  2 01:45:02 PST 2026] Pulling latest changes...
Already up to date.
[Mon Mar  2 01:45:10 PST 2026] Pulling latest changes...
Already up to date.
[Mon Mar  2 01:45:16 PST 2026] Pulling latest changes...
Already up to date.
[Mon Mar  2 01:45:22 PST 2026] Pulling latest changes...
Already up to date.
[Mon Mar  2 01:45:29 PST 2026] Pulling latest changes...
Already up to date.
[Mon Mar  2 01:45:35 PST 2026] Pulling latest changes...
Already up to date.
[Mon Mar  2 01:45:41 PST 2026] Pulling latest changes...
Already up to date.
[Mon Mar  2 01:45:47 PST 2026] Pulling latest changes...
Already up to date.
[Mon Mar  2 01:45:54 PST 2026] Pulling latest changes...
Already up to date.
[Mon Mar  2 01:46:00 PST 2026] Pulling latest changes...
Already up to date.
[Mon Mar  2 01:46:06 PST 2026] Pulling latest changes...
Already up to date.
[Mon Mar  2 01:46:12 PST 2026] Pulling latest changes...
Already up to date.
[Mon Mar  2 01:46:19 PST 2026] Pulling latest changes...
Already up to date.
[Mon Mar  2 01:46:25 PST 2026] Pulling latest changes...
Already up to date.
[Mon Mar  2 01:46:31 PST 2026] Pulling latest changes...
Already up to date.
[Mon Mar  2 01:46:37 PST 2026] Pulling latest changes...
Already up to date.
[Mon Mar  2 01:46:43 PST 2026] Pulling latest changes...
Already up to date.
[Mon Mar  2 01:46:49 PST 2026] Pulling latest changes...
Already up to date.
[Mon Mar  2 01:46:55 PST 2026] Pulling latest changes...
Already up to date.
[Mon Mar  2 01:47:02 PST 2026] Pulling latest changes...
Already up to date.
[Mon Mar  2 01:47:08 PST 2026] Pulling latest changes...
Already up to date.
[Mon Mar  2 01:47:14 PST 2026] Pulling latest changes...
Already up to date.
[Mon Mar  2 01:47:20 PST 2026] Pulling latest changes...
Already up to date.
[Mon Mar  2 01:47:26 PST 2026] Pulling latest changes...
Already up to date.
[Mon Mar  2 01:47:32 PST 2026] Pulling latest changes...
Already up to date.
[Mon Mar  2 01:47:39 PST 2026] Pulling latest changes...
Already up to date.
[Mon Mar  2 01:47:45 PST 2026] Pulling latest changes...
Already up to date.
[Mon Mar  2 01:47:52 PST 2026] Pulling latest changes...
Already up to date.
[Mon Mar  2 01:47:58 PST 2026] Pulling latest changes...
Already up to date.
[Mon Mar  2 01:48:04 PST 2026] Pulling latest changes...
Already up to date.
[Mon Mar  2 01:48:10 PST 2026] Pulling latest changes...
Already up to date.
[Mon Mar  2 01:48:16 PST 2026] Pulling latest changes...
Already up to date.
[Mon Mar  2 01:48:22 PST 2026] Pulling latest changes...
Already up to date.
[Mon Mar  2 01:48:29 PST 2026] Pulling latest changes...
Already up to date.
[Mon Mar  2 01:48:35 PST 2026] Pulling latest changes...
Already up to date.
[Mon Mar  2 01:48:41 PST 2026] Pulling latest changes...
Already up to date.
[Mon Mar  2 01:48:47 PST 2026] Pulling latest changes...
Already up to date.
[Mon Mar  2 01:48:54 PST 2026] Pulling latest changes...
Already up to date.
[Mon Mar  2 01:49:00 PST 2026] Pulling latest changes...
Already up to date.
[Mon Mar  2 01:49:06 PST 2026] Pulling latest changes...
Already up to date.
[Mon Mar  2 01:49:13 PST 2026] Pulling latest changes...
Already up to date.
[Mon Mar  2 01:49:19 PST 2026] Pulling latest changes...
Already up to date.
[Mon Mar  2 01:49:25 PST 2026] Pulling latest changes...
Already up to date.
[Mon Mar  2 01:49:31 PST 2026] Pulling latest changes...
Already up to date.
[Mon Mar  2 01:49:37 PST 2026] Pulling latest changes...
Already up to date.
[Mon Mar  2 01:49:44 PST 2026] Pulling latest changes...
Already up to date.
[Mon Mar  2 01:49:50 PST 2026] Pulling latest changes...
Already up to date.
[Mon Mar  2 01:49:56 PST 2026] Pulling latest changes...
Already up to date.
[Mon Mar  2 01:50:03 PST 2026] Pulling latest changes...
Already up to date.
[Mon Mar  2 01:50:09 PST 2026] Pulling latest changes...
Already up to date.
[Mon Mar  2 01:50:16 PST 2026] Pulling latest changes...
Already up to date.
[Mon Mar  2 01:50:23 PST 2026] Pulling latest changes...
Already up to date.
[Mon Mar  2 01:50:29 PST 2026] Pulling latest changes...
Already up to date.
[Mon Mar  2 01:50:35 PST 2026] Pulling latest changes...
Already up to date.
[Mon Mar  2 01:50:41 PST 2026] Pulling latest changes...
Already up to date.
[Mon Mar  2 01:50:48 PST 2026] Pulling latest changes...
Already up to date.
[Mon Mar  2 01:50:54 PST 2026] Pulling latest changes...
Already up to date.
[Mon Mar  2 01:51:00 PST 2026] Pulling latest changes...
Already up to date.
[Mon Mar  2 01:51:07 PST 2026] Pulling latest changes...
Already up to date.
[Mon Mar  2 01:51:14 PST 2026] Pulling latest changes...
Already up to date.
[Mon Mar  2 01:51:20 PST 2026] Pulling latest changes...
Already up to date.
[Mon Mar  2 01:51:26 PST 2026] Pulling latest changes...
Already up to date.
[Mon Mar  2 01:51:32 PST 2026] Pulling latest changes...
Already up to date.
[Mon Mar  2 01:51:38 PST 2026] Pulling latest changes...
Already up to date.
[Mon Mar  2 01:51:45 PST 2026] Pulling latest changes...
Already up to date.
[Mon Mar  2 01:51:51 PST 2026] Pulling latest changes...
Already up to date.
[Mon Mar  2 01:51:58 PST 2026] Pulling latest changes...
Already up to date.
[Mon Mar  2 01:52:04 PST 2026] Pulling latest changes...
Already up to date.
[Mon Mar  2 01:52:10 PST 2026] Pulling latest changes...
Already up to date.
[Mon Mar  2 01:52:17 PST 2026] Pulling latest changes...
Already up to date.
[Mon Mar  2 01:52:23 PST 2026] Pulling latest changes...
Already up to date.
[Mon Mar  2 01:52:29 PST 2026] Pulling latest changes...
Already up to date.
[Mon Mar  2 01:52:35 PST 2026] Pulling latest changes...
Already up to date.
[Mon Mar  2 01:52:41 PST 2026] Pulling latest changes...
Already up to date.
[Mon Mar  2 01:52:48 PST 2026] Pulling latest changes...
Already up to date.
[Mon Mar  2 01:52:54 PST 2026] Pulling latest changes...
Already up to date.
[Mon Mar  2 01:53:00 PST 2026] Pulling latest changes...
Already up to date.
[Mon Mar  2 01:53:07 PST 2026] Pulling latest changes...
Already up to date.
[Mon Mar  2 01:53:13 PST 2026] Pulling latest changes...
Already up to date.
[Mon Mar  2 01:53:19 PST 2026] Pulling latest changes...
Already up to date.
[Mon Mar  2 01:53:26 PST 2026] Pulling latest changes...
Already up to date.
[Mon Mar  2 01:53:32 PST 2026] Pulling latest changes...
Already up to date.
[Mon Mar  2 01:53:39 PST 2026] Pulling latest changes...
Already up to date.
[Mon Mar  2 01:53:45 PST 2026] Pulling latest changes...
Already up to date.
[Mon Mar  2 01:53:51 PST 2026] Pulling latest changes...
Already up to date.
[Mon Mar  2 01:53:58 PST 2026] Pulling latest changes...
Already up to date.
[Mon Mar  2 01:54:04 PST 2026] Pulling latest changes...
Already up to date.
[Mon Mar  2 01:54:11 PST 2026] Pulling latest changes...
Already up to date.
[Mon Mar  2 01:54:17 PST 2026] Pulling latest changes...
Already up to date.
[Mon Mar  2 01:54:23 PST 2026] Pulling latest changes...
Already up to date.
[Mon Mar  2 01:54:30 PST 2026] Pulling latest changes...
Already up to date.
[Mon Mar  2 01:54:36 PST 2026] Pulling latest changes...
Already up to date.
[Mon Mar  2 01:54:42 PST 2026] Pulling latest changes...
Already up to date.
[Mon Mar  2 01:54:49 PST 2026] Pulling latest changes...
Already up to date.
[Mon Mar  2 01:54:55 PST 2026] Pulling latest changes...
Already up to date.
[Mon Mar  2 01:55:02 PST 2026] Pulling latest changes...
Already up to date.
[Mon Mar  2 01:55:08 PST 2026] Pulling latest changes...
Already up to date.
[Mon Mar  2 01:55:15 PST 2026] Pulling latest changes...
Already up to date.
[Mon Mar  2 01:55:21 PST 2026] Pulling latest changes...
Already up to date.
[Mon Mar  2 01:55:27 PST 2026] Pulling latest changes...
Already up to date.
[Mon Mar  2 01:55:33 PST 2026] Pulling latest changes...
Already up to date.
[Mon Mar  2 01:55:39 PST 2026] Pulling latest changes...
Already up to date.
[Mon Mar  2 01:55:45 PST 2026] Pulling latest changes...
Already up to date.
[Mon Mar  2 01:55:51 PST 2026] Pulling latest changes...
Already up to date.
[Mon Mar  2 01:55:58 PST 2026] Pulling latest changes...
Already up to date.
[Mon Mar  2 01:56:04 PST 2026] Pulling latest changes...
Already up to date.
[Mon Mar  2 01:56:10 PST 2026] Pulling latest changes...
Already up to date.
[Mon Mar  2 01:56:16 PST 2026] Pulling latest changes...
Already up to date.
[Mon Mar  2 01:56:23 PST 2026] Pulling latest changes...
Already up to date.
[Mon Mar  2 01:56:29 PST 2026] Pulling latest changes...
Already up to date.
[Mon Mar  2 01:56:35 PST 2026] Pulling latest changes...
Already up to date.
[Mon Mar  2 01:56:41 PST 2026] Pulling latest changes...
Already up to date.
[Mon Mar  2 01:56:48 PST 2026] Pulling latest changes...
Already up to date.
[Mon Mar  2 01:56:54 PST 2026] Pulling latest changes...
Already up to date.
[Mon Mar  2 01:57:00 PST 2026] Pulling latest changes...
Already up to date.
[Mon Mar  2 01:57:07 PST 2026] Pulling latest changes...
Already up to date.
[Mon Mar  2 01:57:13 PST 2026] Pulling latest changes...
Already up to date.
[Mon Mar  2 01:57:20 PST 2026] Pulling latest changes...
Already up to date.
[Mon Mar  2 01:57:26 PST 2026] Pulling latest changes...
Already up to date.
[Mon Mar  2 01:57:33 PST 2026] Pulling latest changes...
Already up to date.
[Mon Mar  2 01:57:39 PST 2026] Pulling latest changes...
Already up to date.
[Mon Mar  2 01:57:45 PST 2026] Pulling latest changes...
Already up to date.
[Mon Mar  2 01:57:52 PST 2026] Pulling latest changes...
Already up to date.
[Mon Mar  2 01:57:58 PST 2026] Pulling latest changes...
Already up to date.
[Mon Mar  2 01:58:04 PST 2026] Pulling latest changes...
Already up to date.
[Mon Mar  2 01:58:10 PST 2026] Pulling latest changes...
Already up to date.
[Mon Mar  2 01:58:17 PST 2026] Pulling latest changes...
Already up to date.
[Mon Mar  2 01:58:23 PST 2026] Pulling latest changes...
Already up to date.
[Mon Mar  2 01:58:29 PST 2026] Pulling latest changes...
Already up to date.
[Mon Mar  2 01:58:36 PST 2026] Pulling latest changes...
Already up to date.
[Mon Mar  2 01:58:42 PST 2026] Pulling latest changes...
Already up to date.
[Mon Mar  2 01:58:48 PST 2026] Pulling latest changes...
Already up to date.
[Mon Mar  2 01:58:54 PST 2026] Pulling latest changes...
Already up to date.
[Mon Mar  2 01:59:01 PST 2026] Pulling latest changes...
Already up to date.
[Mon Mar  2 01:59:07 PST 2026] Pulling latest changes...
Already up to date.
[Mon Mar  2 01:59:13 PST 2026] Pulling latest changes...
Already up to date.
[Mon Mar  2 01:59:19 PST 2026] Pulling latest changes...
Already up to date.
[Mon Mar  2 01:59:25 PST 2026] Pulling latest changes...
Already up to date.
[Mon Mar  2 01:59:32 PST 2026] Pulling latest changes...
Already up to date.
[Mon Mar  2 01:59:38 PST 2026] Pulling latest changes...
Already up to date.
[Mon Mar  2 01:59:44 PST 2026] Pulling latest changes...
Already up to date.
[Mon Mar  2 01:59:50 PST 2026] Pulling latest changes...
Already up to date.
[Mon Mar  2 01:59:56 PST 2026] Pulling latest changes...
Already up to date.
[Mon Mar  2 02:00:03 PST 2026] Pulling latest changes...
Already up to date.
[Mon Mar  2 02:00:09 PST 2026] Pulling latest changes...
Already up to date.
[Mon Mar  2 02:00:16 PST 2026] Pulling latest changes...
Already up to date.
[Mon Mar  2 02:00:22 PST 2026] Pulling latest changes...
Already up to date.
[Mon Mar  2 02:00:28 PST 2026] Pulling latest changes...
Already up to date.
[Mon Mar  2 02:00:34 PST 2026] Pulling latest changes...
Already up to date.
[Mon Mar  2 02:00:40 PST 2026] Pulling latest changes...
Already up to date.
[Mon Mar  2 02:00:47 PST 2026] Pulling latest changes...
Already up to date.
[Mon Mar  2 02:00:53 PST 2026] Pulling latest changes...
Already up to date.
[Mon Mar  2 02:00:59 PST 2026] Pulling latest changes...
Already up to date.
[Mon Mar  2 02:01:05 PST 2026] Pulling latest changes...
Already up to date.
[Mon Mar  2 02:01:12 PST 2026] Pulling latest changes...
Already up to date.
[Mon Mar  2 02:01:18 PST 2026] Pulling latest changes...
Already up to date.
[Mon Mar  2 02:01:24 PST 2026] Pulling latest changes...
Already up to date.
[Mon Mar  2 02:01:30 PST 2026] Pulling latest changes...
Already up to date.
[Mon Mar  2 02:01:37 PST 2026] Pulling latest changes...
Already up to date.
[Mon Mar  2 02:01:43 PST 2026] Pulling latest changes...
Already up to date.
[Mon Mar  2 02:01:49 PST 2026] Pulling latest changes...
Already up to date.
[Mon Mar  2 02:01:55 PST 2026] Pulling latest changes...
Already up to date.
[Mon Mar  2 02:02:01 PST 2026] Pulling latest changes...
Already up to date.
[Mon Mar  2 02:02:08 PST 2026] Pulling latest changes...
Already up to date.
[Mon Mar  2 02:02:14 PST 2026] Pulling latest changes...
Already up to date.
[Mon Mar  2 02:02:21 PST 2026] Pulling latest changes...
Already up to date.
[Mon Mar  2 02:02:28 PST 2026] Pulling latest changes...
Already up to date.
[Mon Mar  2 02:02:34 PST 2026] Pulling latest changes...
Already up to date.
[Mon Mar  2 02:02:40 PST 2026] Pulling latest changes...
Already up to date.
[Mon Mar  2 02:02:46 PST 2026] Pulling latest changes...
Already up to date.
[Mon Mar  2 02:02:53 PST 2026] Pulling latest changes...
Already up to date.
[Mon Mar  2 02:02:59 PST 2026] Pulling latest changes...
Already up to date.
[Mon Mar  2 02:03:05 PST 2026] Pulling latest changes...
Already up to date.
[Mon Mar  2 02:03:11 PST 2026] Pulling latest changes...
Already up to date.
[Mon Mar  2 02:03:18 PST 2026] Pulling latest changes...
Already up to date.
[Mon Mar  2 02:03:24 PST 2026] Pulling latest changes...
Already up to date.
[Mon Mar  2 02:03:31 PST 2026] Pulling latest changes...
Already up to date.
[Mon Mar  2 02:03:37 PST 2026] Pulling latest changes...
Already up to date.
[Mon Mar  2 02:03:43 PST 2026] Pulling latest changes...
Already up to date.
[Mon Mar  2 02:03:49 PST 2026] Pulling latest changes...
Already up to date.
[Mon Mar  2 02:03:56 PST 2026] Pulling latest changes...
Already up to date.
[Mon Mar  2 02:04:02 PST 2026] Pulling latest changes...
Already up to date.
[Mon Mar  2 02:04:08 PST 2026] Pulling latest changes...
Already up to date.
[Mon Mar  2 02:04:14 PST 2026] Pulling latest changes...
Already up to date.
[Mon Mar  2 02:04:21 PST 2026] Pulling latest changes...
Already up to date.
[Mon Mar  2 02:04:27 PST 2026] Pulling latest changes...
Already up to date.
[Mon Mar  2 02:04:33 PST 2026] Pulling latest changes...
Already up to date.
[Mon Mar  2 02:04:39 PST 2026] Pulling latest changes...
Already up to date.
[Mon Mar  2 02:04:45 PST 2026] Pulling latest changes...
Already up to date.
[Mon Mar  2 02:04:52 PST 2026] Pulling latest changes...
Already up to date.
[Mon Mar  2 02:04:58 PST 2026] Pulling latest changes...
Already up to date.
[Mon Mar  2 02:05:04 PST 2026] Pulling latest changes...
Already up to date.
[Mon Mar  2 02:05:10 PST 2026] Pulling latest changes...
Already up to date.
[Mon Mar  2 02:05:17 PST 2026] Pulling latest changes...
Already up to date.
[Mon Mar  2 02:05:23 PST 2026] Pulling latest changes...
Already up to date.
[Mon Mar  2 02:05:29 PST 2026] Pulling latest changes...
Already up to date.
[Mon Mar  2 02:05:35 PST 2026] Pulling latest changes...
Already up to date.
[Mon Mar  2 02:05:42 PST 2026] Pulling latest changes...
Already up to date.
[Mon Mar  2 02:05:48 PST 2026] Pulling latest changes...
Already up to date.
[Mon Mar  2 02:05:54 PST 2026] Pulling latest changes...
Already up to date.
[Mon Mar  2 02:06:00 PST 2026] Pulling latest changes...
Already up to date.
[Mon Mar  2 02:06:06 PST 2026] Pulling latest changes...
Already up to date.
[Mon Mar  2 02:06:13 PST 2026] Pulling latest changes...
Already up to date.
[Mon Mar  2 02:06:19 PST 2026] Pulling latest changes...
Already up to date.
[Mon Mar  2 02:06:25 PST 2026] Pulling latest changes...
Already up to date.
[Mon Mar  2 02:06:32 PST 2026] Pulling latest changes...
Already up to date.
[Mon Mar  2 02:06:38 PST 2026] Pulling latest changes...
Already up to date.
[Mon Mar  2 02:06:44 PST 2026] Pulling latest changes...
Already up to date.
[Mon Mar  2 02:06:50 PST 2026] Pulling latest changes...
Already up to date.
[Mon Mar  2 02:06:56 PST 2026] Pulling latest changes...
Already up to date.
[Mon Mar  2 02:07:03 PST 2026] Pulling latest changes...
Already up to date.
[Mon Mar  2 02:07:09 PST 2026] Pulling latest changes...
Already up to date.
[Mon Mar  2 02:07:15 PST 2026] Pulling latest changes...
Already up to date.
[Mon Mar  2 02:07:21 PST 2026] Pulling latest changes...
Already up to date.
[Mon Mar  2 02:07:27 PST 2026] Pulling latest changes...
Already up to date.
[Mon Mar  2 02:07:33 PST 2026] Pulling latest changes...
Already up to date.
[Mon Mar  2 02:07:40 PST 2026] Pulling latest changes...
Already up to date.
[Mon Mar  2 02:07:46 PST 2026] Pulling latest changes...
Already up to date.
[Mon Mar  2 02:07:53 PST 2026] Pulling latest changes...
Already up to date.
[Mon Mar  2 02:07:59 PST 2026] Pulling latest changes...
Already up to date.
[Mon Mar  2 02:08:06 PST 2026] Pulling latest changes...
Already up to date.
[Mon Mar  2 02:08:12 PST 2026] Pulling latest changes...
From https://github.com/open-vulnera/open-vulnera
 + c164473...7f0659b master     -> origin/master  (forced update)
Already up to date.
[Mon Mar  2 02:08:19 PST 2026] Pulling latest changes...
Already up to date.
[Mon Mar  2 02:08:26 PST 2026] Pulling latest changes...
Already up to date.
[Mon Mar  2 02:08:32 PST 2026] Pulling latest changes...
Already up to date.
[Mon Mar  2 02:08:39 PST 2026] Pulling latest changes...
Already up to date.
[Mon Mar  2 02:08:46 PST 2026] Pulling latest changes...
Already up to date.
[Mon Mar  2 02:08:53 PST 2026] Pulling latest changes...
Already up to date.
[Mon Mar  2 02:08:59 PST 2026] Pulling latest changes...
Already up to date.
[Mon Mar  2 02:09:05 PST 2026] Pulling latest changes...
Already up to date.
[Mon Mar  2 02:09:11 PST 2026] Pulling latest changes...
Already up to date.
[Mon Mar  2 02:09:18 PST 2026] Pulling latest changes...
Already up to date.
[Mon Mar  2 02:09:24 PST 2026] Pulling latest changes...
Already up to date.
[Mon Mar  2 02:09:31 PST 2026] Pulling latest changes...
Already up to date.
[Mon Mar  2 02:09:37 PST 2026] Pulling latest changes...
Already up to date.
[Mon Mar  2 02:09:43 PST 2026] Pulling latest changes...
Already up to date.
[Mon Mar  2 02:09:49 PST 2026] Pulling latest changes...
Already up to date.
[Mon Mar  2 02:09:56 PST 2026] Pulling latest changes...
Already up to date.
[Mon Mar  2 02:10:02 PST 2026] Pulling latest changes...
Already up to date.
[Mon Mar  2 02:10:09 PST 2026] Pulling latest changes...
Already up to date.
[Mon Mar  2 02:10:15 PST 2026] Pulling latest changes...
Already up to date.
[Mon Mar  2 02:10:21 PST 2026] Pulling latest changes...
Already up to date.
[Mon Mar  2 02:10:28 PST 2026] Pulling latest changes...
Already up to date.
[Mon Mar  2 02:10:34 PST 2026] Pulling latest changes...
Already up to date.
[Mon Mar  2 02:10:40 PST 2026] Pulling latest changes...
Already up to date.
[Mon Mar  2 02:10:47 PST 2026] Pulling latest changes...
Already up to date.
[Mon Mar  2 02:10:53 PST 2026] Pulling latest changes...
Already up to date.
[Mon Mar  2 02:11:00 PST 2026] Pulling latest changes...
Already up to date.
[Mon Mar  2 02:11:06 PST 2026] Pulling latest changes...
Already up to date.
[Mon Mar  2 02:11:12 PST 2026] Pulling latest changes...
From https://github.com/open-vulnera/open-vulnera
   1ffe588..efb8fde  main       -> origin/main
Updating 1ffe588..efb8fde
Fast-forward
 .github/ISSUE_TEMPLATE/bug_report.yml                            | 2 +-
 Dockerfile                                                       | 2 +-
 README.md                                                        | 6 +++---
 docs/SAFE_MODE.md                                                | 6 +++---
 docs/SECURITY.md                                                 | 4 ++--
 docs/getting-started/setup.mdx                                   | 8 ++++----
 docs/guides/profiles.mdx                                         | 2 +-
 docs/guides/streaming-response.mdx                               | 4 ++--
 docs/language-models/hosted-models/openrouter.mdx                | 2 +-
 docs/mint.json                                                   | 2 +-
 docs/safety/safe-mode.mdx                                        | 6 +++---
 docs/telemetry/telemetry.mdx                                     | 2 +-
 docs/troubleshooting/faq.mdx                                     | 2 +-
 examples/jan_computer_control.ipynb                              | 8 ++------
 examples/screenpipe.ipynb                                        | 2 +-
 installers/ov-windows-installer-conda.ps1                        | 2 +-
 vulnera/computer_use/unused_markdown.py                          | 2 +-
 vulnera/terminal_interface/local_setup.py                        | 2 +-
 vulnera/terminal_interface/magic_commands.py                     | 2 +-
 vulnera/terminal_interface/profiles/defaults/os.py               | 2 +-
 vulnera/terminal_interface/profiles/defaults/template_profile.py | 6 +++---
 vulnera/terminal_interface/profiles/profiles.py                  | 4 ++--
 vulnera/terminal_interface/start_terminal_interface.py           | 2 +-
 vulnera/terminal_interface/validate_llm_settings.py              | 2 +-
 24 files changed, 39 insertions(+), 43 deletions(-)
[Mon Mar  2 02:11:20 PST 2026] Pulling latest changes...
Already up to date.
[Mon Mar  2 02:11:26 PST 2026] Pulling latest changes...
Already up to date.
[Mon Mar  2 02:11:32 PST 2026] Pulling latest changes...
Already up to date.
[Mon Mar  2 02:11:39 PST 2026] Pulling latest changes...
Already up to date.
[Mon Mar  2 02:11:45 PST 2026] Pulling latest changes...
Already up to date.
[Mon Mar  2 02:11:51 PST 2026] Pulling latest changes...
Already up to date.
[Mon Mar  2 02:11:57 PST 2026] Pulling latest changes...
Already up to date.
[Mon Mar  2 02:12:04 PST 2026] Pulling latest changes...
Already up to date.
[Mon Mar  2 02:12:10 PST 2026] Pulling latest changes...
Already up to date.
[Mon Mar  2 02:12:16 PST 2026] Pulling latest changes...
Already up to date.
[Mon Mar  2 02:12:22 PST 2026] Pulling latest changes...
Already up to date.
[Mon Mar  2 02:12:29 PST 2026] Pulling latest changes...
Already up to date.
[Mon Mar  2 02:12:35 PST 2026] Pulling latest changes...
Already up to date.
[Mon Mar  2 02:12:42 PST 2026] Pulling latest changes...
Already up to date.
[Mon Mar  2 02:12:48 PST 2026] Pulling latest changes...
Already up to date.
[Mon Mar  2 02:12:55 PST 2026] Pulling latest changes...
Already up to date.
[Mon Mar  2 02:13:01 PST 2026] Pulling latest changes...
Already up to date.
[Mon Mar  2 02:13:07 PST 2026] Pulling latest changes...
Already up to date.
[Mon Mar  2 02:13:13 PST 2026] Pulling latest changes...
Already up to date.
[Mon Mar  2 02:13:19 PST 2026] Pulling latest changes...
Already up to date.
[Mon Mar  2 02:13:25 PST 2026] Pulling latest changes...
Already up to date.
[Mon Mar  2 02:13:32 PST 2026] Pulling latest changes...
Already up to date.
[Mon Mar  2 02:13:38 PST 2026] Pulling latest changes...
Already up to date.
[Mon Mar  2 02:13:44 PST 2026] Pulling latest changes...
Already up to date.
[Mon Mar  2 02:13:50 PST 2026] Pulling latest changes...
Already up to date.
[Mon Mar  2 02:13:56 PST 2026] Pulling latest changes...
Already up to date.
[Mon Mar  2 02:14:03 PST 2026] Pulling latest changes...
Already up to date.
[Mon Mar  2 02:14:09 PST 2026] Pulling latest changes...
Already up to date.
[Mon Mar  2 02:14:15 PST 2026] Pulling latest changes...
Already up to date.
[Mon Mar  2 02:14:22 PST 2026] Pulling latest changes...
Already up to date.
[Mon Mar  2 02:14:29 PST 2026] Pulling latest changes...
Already up to date.
[Mon Mar  2 02:14:35 PST 2026] Pulling latest changes...
Already up to date.
[Mon Mar  2 02:14:41 PST 2026] Pulling latest changes...
Already up to date.
[Mon Mar  2 02:14:48 PST 2026] Pulling latest changes...
Already up to date.
[Mon Mar  2 02:14:54 PST 2026] Pulling latest changes...
Already up to date.
[Mon Mar  2 02:15:00 PST 2026] Pulling latest changes...
Already up to date.
[Mon Mar  2 02:15:07 PST 2026] Pulling latest changes...
Already up to date.
[Mon Mar  2 02:15:13 PST 2026] Pulling latest changes...
Already up to date.
[Mon Mar  2 02:15:20 PST 2026] Pulling latest changes...
Already up to date.
[Mon Mar  2 02:15:26 PST 2026] Pulling latest changes...
Already up to date.
[Mon Mar  2 02:15:32 PST 2026] Pulling latest changes...
Already up to date.
[Mon Mar  2 02:15:39 PST 2026] Pulling latest changes...
Already up to date.
[Mon Mar  2 02:15:45 PST 2026] Pulling latest changes...
Already up to date.
[Mon Mar  2 02:15:51 PST 2026] Pulling latest changes...
Already up to date.
[Mon Mar  2 02:15:57 PST 2026] Pulling latest changes...
Already up to date.
[Mon Mar  2 02:16:04 PST 2026] Pulling latest changes...
Already up to date.
[Mon Mar  2 02:16:10 PST 2026] Pulling latest changes...
Already up to date.
[Mon Mar  2 02:16:16 PST 2026] Pulling latest changes...
Already up to date.
[Mon Mar  2 02:16:22 PST 2026] Pulling latest changes...
Already up to date.
[Mon Mar  2 02:16:29 PST 2026] Pulling latest changes...
Already up to date.
[Mon Mar  2 02:16:35 PST 2026] Pulling latest changes...
Already up to date.
[Mon Mar  2 02:16:41 PST 2026] Pulling latest changes...
Already up to date.
[Mon Mar  2 02:16:47 PST 2026] Pulling latest changes...
Already up to date.
[Mon Mar  2 02:16:54 PST 2026] Pulling latest changes...
Already up to date.
[Mon Mar  2 02:17:00 PST 2026] Pulling latest changes...
Already up to date.
[Mon Mar  2 02:17:06 PST 2026] Pulling latest changes...
Already up to date.
[Mon Mar  2 02:17:12 PST 2026] Pulling latest changes...
From https://github.com/open-vulnera/open-vulnera
   efb8fde..69986c6  main       -> origin/main
Updating efb8fde..69986c6
Fast-forward
 pyproject.toml | 2 +-
 1 file changed, 1 insertion(+), 1 deletion(-)
[Mon Mar  2 02:17:19 PST 2026] Pulling latest changes...
Already up to date.
[Mon Mar  2 02:17:26 PST 2026] Pulling latest changes...
Already up to date.
[Mon Mar  2 02:17:32 PST 2026] Pulling latest changes...
Already up to date.
[Mon Mar  2 02:17:38 PST 2026] Pulling latest changes...
Already up to date.
[Mon Mar  2 02:17:45 PST 2026] Pulling latest changes...
Already up to date.
[Mon Mar  2 02:17:51 PST 2026] Pulling latest changes...
Already up to date.
[Mon Mar  2 02:17:57 PST 2026] Pulling latest changes...
Already up to date.
[Mon Mar  2 02:18:03 PST 2026] Pulling latest changes...
Already up to date.
[Mon Mar  2 02:18:10 PST 2026] Pulling latest changes...
Already up to date.
[Mon Mar  2 02:18:16 PST 2026] Pulling latest changes...
Already up to date.
[Mon Mar  2 02:18:22 PST 2026] Pulling latest changes...
Already up to date.
[Mon Mar  2 02:18:29 PST 2026] Pulling latest changes...
Already up to date.
[Mon Mar  2 02:18:35 PST 2026] Pulling latest changes...
Already up to date.
[Mon Mar  2 02:18:41 PST 2026] Pulling latest changes...
Already up to date.
[Mon Mar  2 02:18:48 PST 2026] Pulling latest changes...
Already up to date.
[Mon Mar  2 02:18:54 PST 2026] Pulling latest changes...
Already up to date.
[Mon Mar  2 02:19:00 PST 2026] Pulling latest changes...
Already up to date.
[Mon Mar  2 02:19:06 PST 2026] Pulling latest changes...
Already up to date.
[Mon Mar  2 02:19:12 PST 2026] Pulling latest changes...
Already up to date.
[Mon Mar  2 02:19:19 PST 2026] Pulling latest changes...
Already up to date.
[Mon Mar  2 02:19:26 PST 2026] Pulling latest changes...
Already up to date.
[Mon Mar  2 02:19:33 PST 2026] Pulling latest changes...
Already up to date.
[Mon Mar  2 02:19:39 PST 2026] Pulling latest changes...
Already up to date.
[Mon Mar  2 02:19:45 PST 2026] Pulling latest changes...
Already up to date.
[Mon Mar  2 02:19:51 PST 2026] Pulling latest changes...
Already up to date.
[Mon Mar  2 02:19:58 PST 2026] Pulling latest changes...
Already up to date.
[Mon Mar  2 02:20:04 PST 2026] Pulling latest changes...
Already up to date.
[Mon Mar  2 02:20:10 PST 2026] Pulling latest changes...
Already up to date.
[Mon Mar  2 02:20:17 PST 2026] Pulling latest changes...
Already up to date.
[Mon Mar  2 02:20:23 PST 2026] Pulling latest changes...
Already up to date.
[Mon Mar  2 02:20:29 PST 2026] Pulling latest changes...
Already up to date.
[Mon Mar  2 02:20:35 PST 2026] Pulling latest changes...
Already up to date.
[Mon Mar  2 02:20:42 PST 2026] Pulling latest changes...
Already up to date.
[Mon Mar  2 02:20:48 PST 2026] Pulling latest changes...
Already up to date.
[Mon Mar  2 02:20:54 PST 2026] Pulling latest changes...
Already up to date.
[Mon Mar  2 02:21:00 PST 2026] Pulling latest changes...
Already up to date.
[Mon Mar  2 02:21:07 PST 2026] Pulling latest changes...
Already up to date.
[Mon Mar  2 02:21:13 PST 2026] Pulling latest changes...
Already up to date.
[Mon Mar  2 02:21:19 PST 2026] Pulling latest changes...
Already up to date.
[Mon Mar  2 02:21:25 PST 2026] Pulling latest changes...
Already up to date.
[Mon Mar  2 02:21:31 PST 2026] Pulling latest changes...
Already up to date.
[Mon Mar  2 02:21:37 PST 2026] Pulling latest changes...
Already up to date.
[Mon Mar  2 02:21:44 PST 2026] Pulling latest changes...
Already up to date.
[Mon Mar  2 02:21:50 PST 2026] Pulling latest changes...
Already up to date.
[Mon Mar  2 02:21:56 PST 2026] Pulling latest changes...
Already up to date.
[Mon Mar  2 02:22:03 PST 2026] Pulling latest changes...
Already up to date.
[Mon Mar  2 02:22:09 PST 2026] Pulling latest changes...
Already up to date.
[Mon Mar  2 02:22:15 PST 2026] Pulling latest changes...
Already up to date.
[Mon Mar  2 02:22:21 PST 2026] Pulling latest changes...
Already up to date.
[Mon Mar  2 02:22:28 PST 2026] Pulling latest changes...
Already up to date.
[Mon Mar  2 02:22:34 PST 2026] Pulling latest changes...
Already up to date.
[Mon Mar  2 02:22:40 PST 2026] Pulling latest changes...
Already up to date.
[Mon Mar  2 02:22:46 PST 2026] Pulling latest changes...
Already up to date.
[Mon Mar  2 02:22:52 PST 2026] Pulling latest changes...
Already up to date.
[Mon Mar  2 02:22:59 PST 2026] Pulling latest changes...
Already up to date.
[Mon Mar  2 02:23:05 PST 2026] Pulling latest changes...
Already up to date.
[Mon Mar  2 02:23:11 PST 2026] Pulling latest changes...
Already up to date.
[Mon Mar  2 02:23:18 PST 2026] Pulling latest changes...
Already up to date.
[Mon Mar  2 02:23:24 PST 2026] Pulling latest changes...
Already up to date.
[Mon Mar  2 02:23:31 PST 2026] Pulling latest changes...
Already up to date.
[Mon Mar  2 02:23:37 PST 2026] Pulling latest changes...
Already up to date.
[Mon Mar  2 02:23:43 PST 2026] Pulling latest changes...
Already up to date.
[Mon Mar  2 02:23:49 PST 2026] Pulling latest changes...
Already up to date.
[Mon Mar  2 02:23:55 PST 2026] Pulling latest changes...
Already up to date.
[Mon Mar  2 02:24:01 PST 2026] Pulling latest changes...
Already up to date.
[Mon Mar  2 02:24:08 PST 2026] Pulling latest changes...
Already up to date.
[Mon Mar  2 02:24:14 PST 2026] Pulling latest changes...
Already up to date.
[Mon Mar  2 02:24:20 PST 2026] Pulling latest changes...
Already up to date.
[Mon Mar  2 02:24:27 PST 2026] Pulling latest changes...
Already up to date.
[Mon Mar  2 02:24:33 PST 2026] Pulling latest changes...
Already up to date.
[Mon Mar  2 02:24:39 PST 2026] Pulling latest changes...
Already up to date.
[Mon Mar  2 02:24:46 PST 2026] Pulling latest changes...
Already up to date.
[Mon Mar  2 02:24:52 PST 2026] Pulling latest changes...
Already up to date.
[Mon Mar  2 02:24:58 PST 2026] Pulling latest changes...
Already up to date.
[Mon Mar  2 02:25:04 PST 2026] Pulling latest changes...
Already up to date.
[Mon Mar  2 02:25:11 PST 2026] Pulling latest changes...
Already up to date.
[Mon Mar  2 02:25:17 PST 2026] Pulling latest changes...
Already up to date.
[Mon Mar  2 02:25:23 PST 2026] Pulling latest changes...
Already up to date.
[Mon Mar  2 02:25:29 PST 2026] Pulling latest changes...
Already up to date.
[Mon Mar  2 02:25:35 PST 2026] Pulling latest changes...
Already up to date.
[Mon Mar  2 02:25:42 PST 2026] Pulling latest changes...
Already up to date.
[Mon Mar  2 02:25:48 PST 2026] Pulling latest changes...
Already up to date.
[Mon Mar  2 02:25:54 PST 2026] Pulling latest changes...
Already up to date.
[Mon Mar  2 02:26:00 PST 2026] Pulling latest changes...
Already up to date.
[Mon Mar  2 02:26:06 PST 2026] Pulling latest changes...
Already up to date.
[Mon Mar  2 02:26:13 PST 2026] Pulling latest changes...
Already up to date.
[Mon Mar  2 02:26:19 PST 2026] Pulling latest changes...
Already up to date.
[Mon Mar  2 02:26:25 PST 2026] Pulling latest changes...
Already up to date.
[Mon Mar  2 02:26:31 PST 2026] Pulling latest changes...
Already up to date.
[Mon Mar  2 02:26:37 PST 2026] Pulling latest changes...
Already up to date.
[Mon Mar  2 02:26:43 PST 2026] Pulling latest changes...
Already up to date.
[Mon Mar  2 02:26:50 PST 2026] Pulling latest changes...
Already up to date.
[Mon Mar  2 02:26:56 PST 2026] Pulling latest changes...
Already up to date.
[Mon Mar  2 02:27:02 PST 2026] Pulling latest changes...
Already up to date.
[Mon Mar  2 02:27:08 PST 2026] Pulling latest changes...
Already up to date.
[Mon Mar  2 02:27:15 PST 2026] Pulling latest changes...
Already up to date.
[Mon Mar  2 02:27:21 PST 2026] Pulling latest changes...
Already up to date.
[Mon Mar  2 02:27:27 PST 2026] Pulling latest changes...
Already up to date.
[Mon Mar  2 02:27:33 PST 2026] Pulling latest changes...
Already up to date.
[Mon Mar  2 02:27:39 PST 2026] Pulling latest changes...
Already up to date.
[Mon Mar  2 02:27:46 PST 2026] Pulling latest changes...
Already up to date.
[Mon Mar  2 02:27:52 PST 2026] Pulling latest changes...
Already up to date.
[Mon Mar  2 02:27:58 PST 2026] Pulling latest changes...
Already up to date.
[Mon Mar  2 02:28:04 PST 2026] Pulling latest changes...
Already up to date.
[Mon Mar  2 02:28:11 PST 2026] Pulling latest changes...
Already up to date.
[Mon Mar  2 02:28:17 PST 2026] Pulling latest changes...
Already up to date.
[Mon Mar  2 02:28:23 PST 2026] Pulling latest changes...
Already up to date.
[Mon Mar  2 02:28:29 PST 2026] Pulling latest changes...
Already up to date.
[Mon Mar  2 02:28:36 PST 2026] Pulling latest changes...
Already up to date.
[Mon Mar  2 02:28:42 PST 2026] Pulling latest changes...
Already up to date.
[Mon Mar  2 02:28:48 PST 2026] Pulling latest changes...
Already up to date.
[Mon Mar  2 02:28:54 PST 2026] Pulling latest changes...
Already up to date.
[Mon Mar  2 02:29:01 PST 2026] Pulling latest changes...
Already up to date.
[Mon Mar  2 02:29:07 PST 2026] Pulling latest changes...
Already up to date.
[Mon Mar  2 02:29:14 PST 2026] Pulling latest changes...
Already up to date.
[Mon Mar  2 02:29:20 PST 2026] Pulling latest changes...
Already up to date.
[Mon Mar  2 02:29:26 PST 2026] Pulling latest changes...
Already up to date.
[Mon Mar  2 02:29:33 PST 2026] Pulling latest changes...
Already up to date.
[Mon Mar  2 02:29:40 PST 2026] Pulling latest changes...
Already up to date.
[Mon Mar  2 02:29:46 PST 2026] Pulling latest changes...
Already up to date.
[Mon Mar  2 02:29:52 PST 2026] Pulling latest changes...
Already up to date.
[Mon Mar  2 02:29:59 PST 2026] Pulling latest changes...
Already up to date.
[Mon Mar  2 02:30:05 PST 2026] Pulling latest changes...
Already up to date.
[Mon Mar  2 02:30:12 PST 2026] Pulling latest changes...
Already up to date.
[Mon Mar  2 02:30:18 PST 2026] Pulling latest changes...
Already up to date.
[Mon Mar  2 02:30:24 PST 2026] Pulling latest changes...
Already up to date.
[Mon Mar  2 02:30:31 PST 2026] Pulling latest changes...
Already up to date.
[Mon Mar  2 02:30:37 PST 2026] Pulling latest changes...
Already up to date.
[Mon Mar  2 02:30:43 PST 2026] Pulling latest changes...
Already up to date.
[Mon Mar  2 02:30:50 PST 2026] Pulling latest changes...
Already up to date.
[Mon Mar  2 02:30:56 PST 2026] Pulling latest changes...
Already up to date.
[Mon Mar  2 02:31:03 PST 2026] Pulling latest changes...
Already up to date.
[Mon Mar  2 02:31:09 PST 2026] Pulling latest changes...
Already up to date.
[Mon Mar  2 02:31:15 PST 2026] Pulling latest changes...
Already up to date.
[Mon Mar  2 02:31:22 PST 2026] Pulling latest changes...
Already up to date.
[Mon Mar  2 02:31:28 PST 2026] Pulling latest changes...
Already up to date.
[Mon Mar  2 02:31:35 PST 2026] Pulling latest changes...
Already up to date.
[Mon Mar  2 02:31:41 PST 2026] Pulling latest changes...
Already up to date.
[Mon Mar  2 02:31:48 PST 2026] Pulling latest changes...
Already up to date.
[Mon Mar  2 02:31:54 PST 2026] Pulling latest changes...
Already up to date.
[Mon Mar  2 02:32:00 PST 2026] Pulling latest changes...
Already up to date.
[Mon Mar  2 02:32:07 PST 2026] Pulling latest changes...
Already up to date.
[Mon Mar  2 02:32:13 PST 2026] Pulling latest changes...
Already up to date.
[Mon Mar  2 02:32:19 PST 2026] Pulling latest changes...
Already up to date.
[Mon Mar  2 02:32:26 PST 2026] Pulling latest changes...
Already up to date.
[Mon Mar  2 02:32:32 PST 2026] Pulling latest changes...
Already up to date.
[Mon Mar  2 02:32:38 PST 2026] Pulling latest changes...
Already up to date.
[Mon Mar  2 02:32:45 PST 2026] Pulling latest changes...
Already up to date.
[Mon Mar  2 02:32:51 PST 2026] Pulling latest changes...
Already up to date.
[Mon Mar  2 02:32:57 PST 2026] Pulling latest changes...
Already up to date.
[Mon Mar  2 02:33:04 PST 2026] Pulling latest changes...
Already up to date.
[Mon Mar  2 02:33:10 PST 2026] Pulling latest changes...
Already up to date.
[Mon Mar  2 02:33:16 PST 2026] Pulling latest changes...
Already up to date.
[Mon Mar  2 02:33:23 PST 2026] Pulling latest changes...
Already up to date.
[Mon Mar  2 02:33:30 PST 2026] Pulling latest changes...
Already up to date.
[Mon Mar  2 02:33:36 PST 2026] Pulling latest changes...
Already up to date.
[Mon Mar  2 02:33:42 PST 2026] Pulling latest changes...
Already up to date.
[Mon Mar  2 02:33:48 PST 2026] Pulling latest changes...
Already up to date.
[Mon Mar  2 02:33:55 PST 2026] Pulling latest changes...
Already up to date.
[Mon Mar  2 02:34:01 PST 2026] Pulling latest changes...
Already up to date.
[Mon Mar  2 02:34:07 PST 2026] Pulling latest changes...
Already up to date.
[Mon Mar  2 02:34:14 PST 2026] Pulling latest changes...
Already up to date.
[Mon Mar  2 02:34:20 PST 2026] Pulling latest changes...
Already up to date.
[Mon Mar  2 02:34:27 PST 2026] Pulling latest changes...
Already up to date.
[Mon Mar  2 02:34:33 PST 2026] Pulling latest changes...
Already up to date.
[Mon Mar  2 02:34:39 PST 2026] Pulling latest changes...
Already up to date.
[Mon Mar  2 02:34:45 PST 2026] Pulling latest changes...
Already up to date.
[Mon Mar  2 02:34:52 PST 2026] Pulling latest changes...
Already up to date.
[Mon Mar  2 02:34:58 PST 2026] Pulling latest changes...
Already up to date.
[Mon Mar  2 02:35:04 PST 2026] Pulling latest changes...
Already up to date.
[Mon Mar  2 02:35:10 PST 2026] Pulling latest changes...
Already up to date.
[Mon Mar  2 02:35:17 PST 2026] Pulling latest changes...
Already up to date.
[Mon Mar  2 02:35:23 PST 2026] Pulling latest changes...
Already up to date.
[Mon Mar  2 02:35:30 PST 2026] Pulling latest changes...
Already up to date.
[Mon Mar  2 02:35:36 PST 2026] Pulling latest changes...
Already up to date.
[Mon Mar  2 02:35:42 PST 2026] Pulling latest changes...
Already up to date.
[Mon Mar  2 02:35:49 PST 2026] Pulling latest changes...
Already up to date.
[Mon Mar  2 02:35:55 PST 2026] Pulling latest changes...
Already up to date.
[Mon Mar  2 02:36:01 PST 2026] Pulling latest changes...
Already up to date.
[Mon Mar  2 02:36:08 PST 2026] Pulling latest changes...
Already up to date.
[Mon Mar  2 02:36:14 PST 2026] Pulling latest changes...
Already up to date.
[Mon Mar  2 02:36:21 PST 2026] Pulling latest changes...
Already up to date.
[Mon Mar  2 02:36:27 PST 2026] Pulling latest changes...
Already up to date.
[Mon Mar  2 02:36:33 PST 2026] Pulling latest changes...
Already up to date.
[Mon Mar  2 02:36:40 PST 2026] Pulling latest changes...
Already up to date.
[Mon Mar  2 02:36:46 PST 2026] Pulling latest changes...
Already up to date.
[Mon Mar  2 02:36:52 PST 2026] Pulling latest changes...
Already up to date.
[Mon Mar  2 02:36:59 PST 2026] Pulling latest changes...
Already up to date.
[Mon Mar  2 02:37:05 PST 2026] Pulling latest changes...
Already up to date.
[Mon Mar  2 02:37:12 PST 2026] Pulling latest changes...
Already up to date.
[Mon Mar  2 02:37:19 PST 2026] Pulling latest changes...
Already up to date.
[Mon Mar  2 02:37:25 PST 2026] Pulling latest changes...
Already up to date.
[Mon Mar  2 02:37:31 PST 2026] Pulling latest changes...
Already up to date.
[Mon Mar  2 02:37:38 PST 2026] Pulling latest changes...
Already up to date.
[Mon Mar  2 02:37:44 PST 2026] Pulling latest changes...
Already up to date.
[Mon Mar  2 02:37:51 PST 2026] Pulling latest changes...
Already up to date.
[Mon Mar  2 02:37:57 PST 2026] Pulling latest changes...
Already up to date.
[Mon Mar  2 02:38:03 PST 2026] Pulling latest changes...
Already up to date.
[Mon Mar  2 02:38:10 PST 2026] Pulling latest changes...
Already up to date.
[Mon Mar  2 02:38:16 PST 2026] Pulling latest changes...
Already up to date.
[Mon Mar  2 02:38:23 PST 2026] Pulling latest changes...
Already up to date.
[Mon Mar  2 02:38:29 PST 2026] Pulling latest changes...
Already up to date.
[Mon Mar  2 02:38:35 PST 2026] Pulling latest changes...
Already up to date.
[Mon Mar  2 02:38:42 PST 2026] Pulling latest changes...
Already up to date.
[Mon Mar  2 02:38:48 PST 2026] Pulling latest changes...
Already up to date.
[Mon Mar  2 02:38:55 PST 2026] Pulling latest changes...
Already up to date.
[Mon Mar  2 02:39:01 PST 2026] Pulling latest changes...
Already up to date.
[Mon Mar  2 02:39:08 PST 2026] Pulling latest changes...
Already up to date.
[Mon Mar  2 02:39:14 PST 2026] Pulling latest changes...
Already up to date.
[Mon Mar  2 02:39:20 PST 2026] Pulling latest changes...
Already up to date.
[Mon Mar  2 02:39:27 PST 2026] Pulling latest changes...
Already up to date.
[Mon Mar  2 02:39:33 PST 2026] Pulling latest changes...
Already up to date.
[Mon Mar  2 02:39:39 PST 2026] Pulling latest changes...
Already up to date.
[Mon Mar  2 02:39:46 PST 2026] Pulling latest changes...
Already up to date.
[Mon Mar  2 02:39:52 PST 2026] Pulling latest changes...
Already up to date.
[Mon Mar  2 02:39:58 PST 2026] Pulling latest changes...
Already up to date.
[Mon Mar  2 02:40:05 PST 2026] Pulling latest changes...
Already up to date.
[Mon Mar  2 02:40:11 PST 2026] Pulling latest changes...
Already up to date.
[Mon Mar  2 02:40:18 PST 2026] Pulling latest changes...
Already up to date.
[Mon Mar  2 02:40:24 PST 2026] Pulling latest changes...
Already up to date.
[Mon Mar  2 02:40:30 PST 2026] Pulling latest changes...
Already up to date.
[Mon Mar  2 02:40:37 PST 2026] Pulling latest changes...
Already up to date.
[Mon Mar  2 02:40:43 PST 2026] Pulling latest changes...
Already up to date.
[Mon Mar  2 02:40:50 PST 2026] Pulling latest changes...
Already up to date.
[Mon Mar  2 02:40:56 PST 2026] Pulling latest changes...
Already up to date.
[Mon Mar  2 02:41:02 PST 2026] Pulling latest changes...
Already up to date.
[Mon Mar  2 02:41:09 PST 2026] Pulling latest changes...
Already up to date.
[Mon Mar  2 02:41:15 PST 2026] Pulling latest changes...
Already up to date.
[Mon Mar  2 02:41:22 PST 2026] Pulling latest changes...
Already up to date.
[Mon Mar  2 02:41:28 PST 2026] Pulling latest changes...
Already up to date.
[Mon Mar  2 02:41:34 PST 2026] Pulling latest changes...
Already up to date.
[Mon Mar  2 02:41:40 PST 2026] Pulling latest changes...
Already up to date.
[Mon Mar  2 02:41:47 PST 2026] Pulling latest changes...
Already up to date.
[Mon Mar  2 02:41:54 PST 2026] Pulling latest changes...
Already up to date.
[Mon Mar  2 02:42:00 PST 2026] Pulling latest changes...
Already up to date.
[Mon Mar  2 02:42:06 PST 2026] Pulling latest changes...
Already up to date.
[Mon Mar  2 02:42:13 PST 2026] Pulling latest changes...
Already up to date.
[Mon Mar  2 02:42:19 PST 2026] Pulling latest changes...
Already up to date.
[Mon Mar  2 02:42:26 PST 2026] Pulling latest changes...
Already up to date.
[Mon Mar  2 02:42:32 PST 2026] Pulling latest changes...
Already up to date.
[Mon Mar  2 02:42:38 PST 2026] Pulling latest changes...
Already up to date.
[Mon Mar  2 02:42:45 PST 2026] Pulling latest changes...
Already up to date.
[Mon Mar  2 02:42:51 PST 2026] Pulling latest changes...
Already up to date.
[Mon Mar  2 02:42:58 PST 2026] Pulling latest changes...
Already up to date.
[Mon Mar  2 02:43:05 PST 2026] Pulling latest changes...
Already up to date.
[Mon Mar  2 02:43:11 PST 2026] Pulling latest changes...
Already up to date.
[Mon Mar  2 02:43:18 PST 2026] Pulling latest changes...
Already up to date.
[Mon Mar  2 02:43:24 PST 2026] Pulling latest changes...
Already up to date.
[Mon Mar  2 02:43:30 PST 2026] Pulling latest changes...
Already up to date.
[Mon Mar  2 02:43:37 PST 2026] Pulling latest changes...
Already up to date.
[Mon Mar  2 02:43:43 PST 2026] Pulling latest changes...
Already up to date.
[Mon Mar  2 02:43:49 PST 2026] Pulling latest changes...
Already up to date.
[Mon Mar  2 02:43:56 PST 2026] Pulling latest changes...
Already up to date.
[Mon Mar  2 02:44:02 PST 2026] Pulling latest changes...
Already up to date.
[Mon Mar  2 02:44:09 PST 2026] Pulling latest changes...
Already up to date.
[Mon Mar  2 02:44:15 PST 2026] Pulling latest changes...
Already up to date.
[Mon Mar  2 02:44:21 PST 2026] Pulling latest changes...
Already up to date.
[Mon Mar  2 02:44:28 PST 2026] Pulling latest changes...
Already up to date.
[Mon Mar  2 02:44:34 PST 2026] Pulling latest changes...
Already up to date.
[Mon Mar  2 02:44:40 PST 2026] Pulling latest changes...
Already up to date.
[Mon Mar  2 02:44:47 PST 2026] Pulling latest changes...
Already up to date.
[Mon Mar  2 02:44:53 PST 2026] Pulling latest changes...
Already up to date.
[Mon Mar  2 02:44:59 PST 2026] Pulling latest changes...
Already up to date.
[Mon Mar  2 02:45:06 PST 2026] Pulling latest changes...
Already up to date.
[Mon Mar  2 02:45:12 PST 2026] Pulling latest changes...
Already up to date.
[Mon Mar  2 02:45:19 PST 2026] Pulling latest changes...
Already up to date.
[Mon Mar  2 02:45:25 PST 2026] Pulling latest changes...
Already up to date.
[Mon Mar  2 02:45:32 PST 2026] Pulling latest changes...
Already up to date.
[Mon Mar  2 02:45:38 PST 2026] Pulling latest changes...
Already up to date.
[Mon Mar  2 02:45:44 PST 2026] Pulling latest changes...
Already up to date.
[Mon Mar  2 02:45:51 PST 2026] Pulling latest changes...
Already up to date.
[Mon Mar  2 02:45:57 PST 2026] Pulling latest changes...
Already up to date.
[Mon Mar  2 02:46:04 PST 2026] Pulling latest changes...
Already up to date.
[Mon Mar  2 02:46:10 PST 2026] Pulling latest changes...
Already up to date.
[Mon Mar  2 02:46:16 PST 2026] Pulling latest changes...
Already up to date.
[Mon Mar  2 02:46:22 PST 2026] Pulling latest changes...
Already up to date.
[Mon Mar  2 02:46:29 PST 2026] Pulling latest changes...
Already up to date.
[Mon Mar  2 02:46:35 PST 2026] Pulling latest changes...
Already up to date.
[Mon Mar  2 02:46:41 PST 2026] Pulling latest changes...
Already up to date.
[Mon Mar  2 02:46:48 PST 2026] Pulling latest changes...
Already up to date.
[Mon Mar  2 02:46:54 PST 2026] Pulling latest changes...
Already up to date.
[Mon Mar  2 02:47:00 PST 2026] Pulling latest changes...
Already up to date.
[Mon Mar  2 02:47:06 PST 2026] Pulling latest changes...
Already up to date.
[Mon Mar  2 02:47:13 PST 2026] Pulling latest changes...
Already up to date.
[Mon Mar  2 02:47:19 PST 2026] Pulling latest changes...
Already up to date.
[Mon Mar  2 02:47:25 PST 2026] Pulling latest changes...
Already up to date.
[Mon Mar  2 02:47:32 PST 2026] Pulling latest changes...
Already up to date.
[Mon Mar  2 02:47:38 PST 2026] Pulling latest changes...
Already up to date.
[Mon Mar  2 02:47:44 PST 2026] Pulling latest changes...
Already up to date.
[Mon Mar  2 02:47:51 PST 2026] Pulling latest changes...
Already up to date.
[Mon Mar  2 02:47:57 PST 2026] Pulling latest changes...
Already up to date.
[Mon Mar  2 02:48:04 PST 2026] Pulling latest changes...
Already up to date.
[Mon Mar  2 02:48:10 PST 2026] Pulling latest changes...
Already up to date.
[Mon Mar  2 02:48:16 PST 2026] Pulling latest changes...
Already up to date.
[Mon Mar  2 02:48:23 PST 2026] Pulling latest changes...
Already up to date.
[Mon Mar  2 02:48:29 PST 2026] Pulling latest changes...
Already up to date.
[Mon Mar  2 02:48:36 PST 2026] Pulling latest changes...
Already up to date.
[Mon Mar  2 02:48:42 PST 2026] Pulling latest changes...
Already up to date.
[Mon Mar  2 02:48:48 PST 2026] Pulling latest changes...
Already up to date.
[Mon Mar  2 02:48:54 PST 2026] Pulling latest changes...
Already up to date.
[Mon Mar  2 02:49:01 PST 2026] Pulling latest changes...
Already up to date.
[Mon Mar  2 02:49:08 PST 2026] Pulling latest changes...
Already up to date.
[Mon Mar  2 02:49:14 PST 2026] Pulling latest changes...
Already up to date.
[Mon Mar  2 02:49:20 PST 2026] Pulling latest changes...
Already up to date.
[Mon Mar  2 02:49:27 PST 2026] Pulling latest changes...
Already up to date.
[Mon Mar  2 02:49:33 PST 2026] Pulling latest changes...
Already up to date.
[Mon Mar  2 02:49:40 PST 2026] Pulling latest changes...
Already up to date.
[Mon Mar  2 02:49:46 PST 2026] Pulling latest changes...
Already up to date.
[Mon Mar  2 02:49:52 PST 2026] Pulling latest changes...
Already up to date.
[Mon Mar  2 02:49:58 PST 2026] Pulling latest changes...
Already up to date.
[Mon Mar  2 02:50:05 PST 2026] Pulling latest changes...
Already up to date.
[Mon Mar  2 02:50:11 PST 2026] Pulling latest changes...
Already up to date.
[Mon Mar  2 02:50:18 PST 2026] Pulling latest changes...
Already up to date.
[Mon Mar  2 02:50:24 PST 2026] Pulling latest changes...
Already up to date.
[Mon Mar  2 02:50:31 PST 2026] Pulling latest changes...
Already up to date.
[Mon Mar  2 02:50:37 PST 2026] Pulling latest changes...
Already up to date.
[Mon Mar  2 02:50:44 PST 2026] Pulling latest changes...
Already up to date.
[Mon Mar  2 02:50:50 PST 2026] Pulling latest changes...
Already up to date.
[Mon Mar  2 02:50:56 PST 2026] Pulling latest changes...
Already up to date.
[Mon Mar  2 02:51:02 PST 2026] Pulling latest changes...
Already up to date.
[Mon Mar  2 02:51:09 PST 2026] Pulling latest changes...
Already up to date.
[Mon Mar  2 02:51:15 PST 2026] Pulling latest changes...
Already up to date.
[Mon Mar  2 02:51:22 PST 2026] Pulling latest changes...
Already up to date.
[Mon Mar  2 02:51:28 PST 2026] Pulling latest changes...
Already up to date.
[Mon Mar  2 02:51:34 PST 2026] Pulling latest changes...
Already up to date.
[Mon Mar  2 02:51:41 PST 2026] Pulling latest changes...
Already up to date.
[Mon Mar  2 02:51:47 PST 2026] Pulling latest changes...
Already up to date.
[Mon Mar  2 02:51:54 PST 2026] Pulling latest changes...
Already up to date.
[Mon Mar  2 02:52:01 PST 2026] Pulling latest changes...
Already up to date.
[Mon Mar  2 02:52:07 PST 2026] Pulling latest changes...
Already up to date.
[Mon Mar  2 02:52:14 PST 2026] Pulling latest changes...
Already up to date.
[Mon Mar  2 02:52:20 PST 2026] Pulling latest changes...
Already up to date.
[Mon Mar  2 02:52:26 PST 2026] Pulling latest changes...
Already up to date.
[Mon Mar  2 02:52:32 PST 2026] Pulling latest changes...
Already up to date.
[Mon Mar  2 02:52:39 PST 2026] Pulling latest changes...
Already up to date.
[Mon Mar  2 02:52:45 PST 2026] Pulling latest changes...
Already up to date.
[Mon Mar  2 02:52:52 PST 2026] Pulling latest changes...
Already up to date.
[Mon Mar  2 02:52:58 PST 2026] Pulling latest changes...
Already up to date.
[Mon Mar  2 02:53:04 PST 2026] Pulling latest changes...
Already up to date.
[Mon Mar  2 02:53:11 PST 2026] Pulling latest changes...
Already up to date.
[Mon Mar  2 02:53:17 PST 2026] Pulling latest changes...
Already up to date.
[Mon Mar  2 02:53:23 PST 2026] Pulling latest changes...
Already up to date.
[Mon Mar  2 02:53:30 PST 2026] Pulling latest changes...
Already up to date.
[Mon Mar  2 02:53:36 PST 2026] Pulling latest changes...
Already up to date.
[Mon Mar  2 02:53:42 PST 2026] Pulling latest changes...
Already up to date.
[Mon Mar  2 02:53:49 PST 2026] Pulling latest changes...
Already up to date.
[Mon Mar  2 02:53:55 PST 2026] Pulling latest changes...
Already up to date.
[Mon Mar  2 02:54:02 PST 2026] Pulling latest changes...
Already up to date.
[Mon Mar  2 02:54:08 PST 2026] Pulling latest changes...
Already up to date.
[Mon Mar  2 02:54:14 PST 2026] Pulling latest changes...
Already up to date.
[Mon Mar  2 02:54:22 PST 2026] Pulling latest changes...
Already up to date.
[Mon Mar  2 02:54:29 PST 2026] Pulling latest changes...
Already up to date.
[Mon Mar  2 02:54:35 PST 2026] Pulling latest changes...
Already up to date.
[Mon Mar  2 02:54:42 PST 2026] Pulling latest changes...
Already up to date.
[Mon Mar  2 02:54:48 PST 2026] Pulling latest changes...
Already up to date.
[Mon Mar  2 02:54:54 PST 2026] Pulling latest changes...
Already up to date.
[Mon Mar  2 02:55:01 PST 2026] Pulling latest changes...
Already up to date.
[Mon Mar  2 02:55:08 PST 2026] Pulling latest changes...
Already up to date.
[Mon Mar  2 02:55:14 PST 2026] Pulling latest changes...
Already up to date.
[Mon Mar  2 02:55:20 PST 2026] Pulling latest changes...
Already up to date.
[Mon Mar  2 02:55:27 PST 2026] Pulling latest changes...
Already up to date.
[Mon Mar  2 02:55:33 PST 2026] Pulling latest changes...
Already up to date.
[Mon Mar  2 02:55:39 PST 2026] Pulling latest changes...
Already up to date.
[Mon Mar  2 02:55:46 PST 2026] Pulling latest changes...
Already up to date.
[Mon Mar  2 02:55:52 PST 2026] Pulling latest changes...
Already up to date.
[Mon Mar  2 02:55:59 PST 2026] Pulling latest changes...
Already up to date.
[Mon Mar  2 02:56:05 PST 2026] Pulling latest changes...
Already up to date.
[Mon Mar  2 02:56:12 PST 2026] Pulling latest changes...
Already up to date.
[Mon Mar  2 02:56:18 PST 2026] Pulling latest changes...
Already up to date.
[Mon Mar  2 02:56:24 PST 2026] Pulling latest changes...
Already up to date.
[Mon Mar  2 02:56:31 PST 2026] Pulling latest changes...
Already up to date.
[Mon Mar  2 02:56:38 PST 2026] Pulling latest changes...
Already up to date.
[Mon Mar  2 02:56:44 PST 2026] Pulling latest changes...
Already up to date.
[Mon Mar  2 02:56:51 PST 2026] Pulling latest changes...
Already up to date.
[Mon Mar  2 02:56:57 PST 2026] Pulling latest changes...
Already up to date.
[Mon Mar  2 02:57:04 PST 2026] Pulling latest changes...
Already up to date.
[Mon Mar  2 02:57:10 PST 2026] Pulling latest changes...
Already up to date.
[Mon Mar  2 02:57:16 PST 2026] Pulling latest changes...
Already up to date.
[Mon Mar  2 02:57:24 PST 2026] Pulling latest changes...
Already up to date.
[Mon Mar  2 02:57:30 PST 2026] Pulling latest changes...
Already up to date.
[Mon Mar  2 02:57:36 PST 2026] Pulling latest changes...
Already up to date.
[Mon Mar  2 02:57:43 PST 2026] Pulling latest changes...
Already up to date.
[Mon Mar  2 02:57:49 PST 2026] Pulling latest changes...
Already up to date.
[Mon Mar  2 02:57:56 PST 2026] Pulling latest changes...
Already up to date.
[Mon Mar  2 02:58:02 PST 2026] Pulling latest changes...
Already up to date.
[Mon Mar  2 02:58:08 PST 2026] Pulling latest changes...
Already up to date.
[Mon Mar  2 02:58:14 PST 2026] Pulling latest changes...
Already up to date.
[Mon Mar  2 02:58:20 PST 2026] Pulling latest changes...
Already up to date.
[Mon Mar  2 02:58:27 PST 2026] Pulling latest changes...
Already up to date.
[Mon Mar  2 02:58:33 PST 2026] Pulling latest changes...
Already up to date.
[Mon Mar  2 02:58:39 PST 2026] Pulling latest changes...
Already up to date.
[Mon Mar  2 02:58:45 PST 2026] Pulling latest changes...
Already up to date.
[Mon Mar  2 02:58:52 PST 2026] Pulling latest changes...
Already up to date.
[Mon Mar  2 02:58:58 PST 2026] Pulling latest changes...
Already up to date.
[Mon Mar  2 02:59:05 PST 2026] Pulling latest changes...
Already up to date.
[Mon Mar  2 02:59:11 PST 2026] Pulling latest changes...
Already up to date.
[Mon Mar  2 02:59:17 PST 2026] Pulling latest changes...
Already up to date.
[Mon Mar  2 02:59:23 PST 2026] Pulling latest changes...
Already up to date.
[Mon Mar  2 02:59:29 PST 2026] Pulling latest changes...
Already up to date.
[Mon Mar  2 02:59:36 PST 2026] Pulling latest changes...
Already up to date.
[Mon Mar  2 02:59:42 PST 2026] Pulling latest changes...
Already up to date.
[Mon Mar  2 02:59:48 PST 2026] Pulling latest changes...
Already up to date.
[Mon Mar  2 02:59:54 PST 2026] Pulling latest changes...
Already up to date.
[Mon Mar  2 03:00:01 PST 2026] Pulling latest changes...
Already up to date.
[Mon Mar  2 03:00:07 PST 2026] Pulling latest changes...
Already up to date.
[Mon Mar  2 03:00:14 PST 2026] Pulling latest changes...
Already up to date.
[Mon Mar  2 03:00:20 PST 2026] Pulling latest changes...
Already up to date.
[Mon Mar  2 03:00:26 PST 2026] Pulling latest changes...
Already up to date.
[Mon Mar  2 03:00:33 PST 2026] Pulling latest changes...
Already up to date.
[Mon Mar  2 03:00:39 PST 2026] Pulling latest changes...
Already up to date.
[Mon Mar  2 03:00:45 PST 2026] Pulling latest changes...
remote: Your account is suspended. Please visit https://support.github.com for more information.
fatal: unable to access 'https://github.com/open-vulnera/open-vulnera/': The requested URL returned error: 403
[Mon Mar  2 03:00:52 PST 2026] Pulling latest changes...
remote: Your account is suspended. Please visit https://support.github.com for more information.
fatal: unable to access 'https://github.com/open-vulnera/open-vulnera/': The requested URL returned error: 403
[Mon Mar  2 03:00:59 PST 2026] Pulling latest changes...
remote: Your account is suspended. Please visit https://support.github.com for more information.
fatal: unable to access 'https://github.com/open-vulnera/open-vulnera/': The requested URL returned error: 403
[Mon Mar  2 03:01:06 PST 2026] Pulling latest changes...
remote: Your account is suspended. Please visit https://support.github.com for more information.
fatal: unable to access 'https://github.com/open-vulnera/open-vulnera/': The requested URL returned error: 403
[Mon Mar  2 03:01:12 PST 2026] Pulling latest changes...
remote: Your account is suspended. Please visit https://support.github.com for more information.
fatal: unable to access 'https://github.com/open-vulnera/open-vulnera/': The requested URL returned error: 403
[Mon Mar  2 03:01:18 PST 2026] Pulling latest changes...
remote: Your account is suspended. Please visit https://support.github.com for more information.
fatal: unable to access 'https://github.com/open-vulnera/open-vulnera/': The requested URL returned error: 403
[Mon Mar  2 03:01:25 PST 2026] Pulling latest changes...
remote: Your account is suspended. Please visit https://support.github.com for more information.
fatal: unable to access 'https://github.com/open-vulnera/open-vulnera/': The requested URL returned error: 403
[Mon Mar  2 03:01:31 PST 2026] Pulling latest changes...
remote: Your account is suspended. Please visit https://support.github.com for more information.
fatal: unable to access 'https://github.com/open-vulnera/open-vulnera/': The requested URL returned error: 403
[Mon Mar  2 03:01:37 PST 2026] Pulling latest changes...
remote: Your account is suspended. Please visit https://support.github.com for more information.
fatal: unable to access 'https://github.com/open-vulnera/open-vulnera/': The requested URL returned error: 403
[Mon Mar  2 03:01:44 PST 2026] Pulling latest changes...
remote: Your account is suspended. Please visit https://support.github.com for more information.
fatal: unable to access 'https://github.com/open-vulnera/open-vulnera/': The requested URL returned error: 403
[Mon Mar  2 03:01:50 PST 2026] Pulling latest changes...
remote: Your account is suspended. Please visit https://support.github.com for more information.
fatal: unable to access 'https://github.com/open-vulnera/open-vulnera/': The requested URL returned error: 403
[Mon Mar  2 03:01:57 PST 2026] Pulling latest changes...
remote: Your account is suspended. Please visit https://support.github.com for more information.
fatal: unable to access 'https://github.com/open-vulnera/open-vulnera/': The requested URL returned error: 403
[Mon Mar  2 03:02:04 PST 2026] Pulling latest changes...
remote: Your account is suspended. Please visit https://support.github.com for more information.
fatal: unable to access 'https://github.com/open-vulnera/open-vulnera/': The requested URL returned error: 403
[Mon Mar  2 03:02:10 PST 2026] Pulling latest changes...
remote: Your account is suspended. Please visit https://support.github.com for more information.
fatal: unable to access 'https://github.com/open-vulnera/open-vulnera/': The requested URL returned error: 403
[Mon Mar  2 03:02:17 PST 2026] Pulling latest changes...
remote: Your account is suspended. Please visit https://support.github.com for more information.
fatal: unable to access 'https://github.com/open-vulnera/open-vulnera/': The requested URL returned error: 403
[Mon Mar  2 03:02:24 PST 2026] Pulling latest changes...
remote: Your account is suspended. Please visit https://support.github.com for more information.
fatal: unable to access 'https://github.com/open-vulnera/open-vulnera/': The requested URL returned error: 403
[Mon Mar  2 03:02:30 PST 2026] Pulling latest changes...
remote: Your account is suspended. Please visit https://support.github.com for more information.
fatal: unable to access 'https://github.com/open-vulnera/open-vulnera/': The requested URL returned error: 403
[Mon Mar  2 03:02:36 PST 2026] Pulling latest changes...
remote: Your account is suspended. Please visit https://support.github.com for more information.
fatal: unable to access 'https://github.com/open-vulnera/open-vulnera/': The requested URL returned error: 403
[Mon Mar  2 03:02:43 PST 2026] Pulling latest changes...
remote: Your account is suspended. Please visit https://support.github.com for more information.
fatal: unable to access 'https://github.com/open-vulnera/open-vulnera/': The requested URL returned error: 403
[Mon Mar  2 03:02:50 PST 2026] Pulling latest changes...
remote: Your account is suspended. Please visit https://support.github.com for more information.
fatal: unable to access 'https://github.com/open-vulnera/open-vulnera/': The requested URL returned error: 403
[Mon Mar  2 03:02:56 PST 2026] Pulling latest changes...
remote: Your account is suspended. Please visit https://support.github.com for more information.
fatal: unable to access 'https://github.com/open-vulnera/open-vulnera/': The requested URL returned error: 403
[Mon Mar  2 03:03:02 PST 2026] Pulling latest changes...
remote: Your account is suspended. Please visit https://support.github.com for more information.
fatal: unable to access 'https://github.com/open-vulnera/open-vulnera/': The requested URL returned error: 403
[Mon Mar  2 03:03:09 PST 2026] Pulling latest changes...
remote: Your account is suspended. Please visit https://support.github.com for more information.
fatal: unable to access 'https://github.com/open-vulnera/open-vulnera/': The requested URL returned error: 403
[Mon Mar  2 03:03:15 PST 2026] Pulling latest changes...
remote: Your account is suspended. Please visit https://support.github.com for more information.
fatal: unable to access 'https://github.com/open-vulnera/open-vulnera/': The requested URL returned error: 403
[Mon Mar  2 03:03:21 PST 2026] Pulling latest changes...
remote: Your account is suspended. Please visit https://support.github.com for more information.
fatal: unable to access 'https://github.com/open-vulnera/open-vulnera/': The requested URL returned error: 403
[Mon Mar  2 03:03:28 PST 2026] Pulling latest changes...
remote: Your account is suspended. Please visit https://support.github.com for more information.
fatal: unable to access 'https://github.com/open-vulnera/open-vulnera/': The requested URL returned error: 403
[Mon Mar  2 03:03:35 PST 2026] Pulling latest changes...
remote: Your account is suspended. Please visit https://support.github.com for more information.
fatal: unable to access 'https://github.com/open-vulnera/open-vulnera/': The requested URL returned error: 403
[Mon Mar  2 03:03:41 PST 2026] Pulling latest changes...
remote: Your account is suspended. Please visit https://support.github.com for more information.
fatal: unable to access 'https://github.com/open-vulnera/open-vulnera/': The requested URL returned error: 403
[Mon Mar  2 03:03:47 PST 2026] Pulling latest changes...
remote: Your account is suspended. Please visit https://support.github.com for more information.
fatal: unable to access 'https://github.com/open-vulnera/open-vulnera/': The requested URL returned error: 403
[Mon Mar  2 03:03:54 PST 2026] Pulling latest changes...
remote: Your account is suspended. Please visit https://support.github.com for more information.
fatal: unable to access 'https://github.com/open-vulnera/open-vulnera/': The requested URL returned error: 403
[Mon Mar  2 03:04:01 PST 2026] Pulling latest changes...
remote: Your account is suspended. Please visit https://support.github.com for more information.
fatal: unable to access 'https://github.com/open-vulnera/open-vulnera/': The requested URL returned error: 403
[Mon Mar  2 03:04:07 PST 2026] Pulling latest changes...
remote: Your account is suspended. Please visit https://support.github.com for more information.
fatal: unable to access 'https://github.com/open-vulnera/open-vulnera/': The requested URL returned error: 403
[Mon Mar  2 03:04:14 PST 2026] Pulling latest changes...
remote: Your account is suspended. Please visit https://support.github.com for more information.
fatal: unable to access 'https://github.com/open-vulnera/open-vulnera/': The requested URL returned error: 403
[Mon Mar  2 03:04:22 PST 2026] Pulling latest changes...
remote: Your account is suspended. Please visit https://support.github.com for more information.
fatal: unable to access 'https://github.com/open-vulnera/open-vulnera/': The requested URL returned error: 403
[Mon Mar  2 03:04:28 PST 2026] Pulling latest changes...
remote: Your account is suspended. Please visit https://support.github.com for more information.
fatal: unable to access 'https://github.com/open-vulnera/open-vulnera/': The requested URL returned error: 403
[Mon Mar  2 03:04:35 PST 2026] Pulling latest changes...
remote: Your account is suspended. Please visit https://support.github.com for more information.
fatal: unable to access 'https://github.com/open-vulnera/open-vulnera/': The requested URL returned error: 403
[Mon Mar  2 03:04:42 PST 2026] Pulling latest changes...
remote: Your account is suspended. Please visit https://support.github.com for more information.
fatal: unable to access 'https://github.com/open-vulnera/open-vulnera/': The requested URL returned error: 403
[Mon Mar  2 03:04:48 PST 2026] Pulling latest changes...
remote: Your account is suspended. Please visit https://support.github.com for more information.
fatal: unable to access 'https://github.com/open-vulnera/open-vulnera/': The requested URL returned error: 403
[Mon Mar  2 03:04:55 PST 2026] Pulling latest changes...
remote: Your account is suspended. Please visit https://support.github.com for more information.
fatal: unable to access 'https://github.com/open-vulnera/open-vulnera/': The requested URL returned error: 403
[Mon Mar  2 03:05:01 PST 2026] Pulling latest changes...
remote: Your account is suspended. Please visit https://support.github.com for more information.
fatal: unable to access 'https://github.com/open-vulnera/open-vulnera/': The requested URL returned error: 403
[Mon Mar  2 03:05:07 PST 2026] Pulling latest changes...
remote: Your account is suspended. Please visit https://support.github.com for more information.
fatal: unable to access 'https://github.com/open-vulnera/open-vulnera/': The requested URL returned error: 403
[Mon Mar  2 03:05:14 PST 2026] Pulling latest changes...
remote: Your account is suspended. Please visit https://support.github.com for more information.
fatal: unable to access 'https://github.com/open-vulnera/open-vulnera/': The requested URL returned error: 403
[Mon Mar  2 03:05:20 PST 2026] Pulling latest changes...
remote: Your account is suspended. Please visit https://support.github.com for more information.
fatal: unable to access 'https://github.com/open-vulnera/open-vulnera/': The requested URL returned error: 403
[Mon Mar  2 03:05:27 PST 2026] Pulling latest changes...
remote: Your account is suspended. Please visit https://support.github.com for more information.
fatal: unable to access 'https://github.com/open-vulnera/open-vulnera/': The requested URL returned error: 403
[Mon Mar  2 03:05:33 PST 2026] Pulling latest changes...
remote: Your account is suspended. Please visit https://support.github.com for more information.
fatal: unable to access 'https://github.com/open-vulnera/open-vulnera/': The requested URL returned error: 403
[Mon Mar  2 03:05:40 PST 2026] Pulling latest changes...
remote: Your account is suspended. Please visit https://support.github.com for more information.
fatal: unable to access 'https://github.com/open-vulnera/open-vulnera/': The requested URL returned error: 403
[Mon Mar  2 03:05:46 PST 2026] Pulling latest changes...
remote: Your account is suspended. Please visit https://support.github.com for more information.
fatal: unable to access 'https://github.com/open-vulnera/open-vulnera/': The requested URL returned error: 403
[Mon Mar  2 03:05:52 PST 2026] Pulling latest changes...
remote: Your account is suspended. Please visit https://support.github.com for more information.
fatal: unable to access 'https://github.com/open-vulnera/open-vulnera/': The requested URL returned error: 403
[Mon Mar  2 03:05:59 PST 2026] Pulling latest changes...
remote: Your account is suspended. Please visit https://support.github.com for more information.
fatal: unable to access 'https://github.com/open-vulnera/open-vulnera/': The requested URL returned error: 403
[Mon Mar  2 03:06:05 PST 2026] Pulling latest changes...
remote: Your account is suspended. Please visit https://support.github.com for more information.
fatal: unable to access 'https://github.com/open-vulnera/open-vulnera/': The requested URL returned error: 403
[Mon Mar  2 03:06:12 PST 2026] Pulling latest changes...
remote: Your account is suspended. Please visit https://support.github.com for more information.
fatal: unable to access 'https://github.com/open-vulnera/open-vulnera/': The requested URL returned error: 403
[Mon Mar  2 03:06:18 PST 2026] Pulling latest changes...
remote: Your account is suspended. Please visit https://support.github.com for more information.
fatal: unable to access 'https://github.com/open-vulnera/open-vulnera/': The requested URL returned error: 403
[Mon Mar  2 03:06:25 PST 2026] Pulling latest changes...
remote: Your account is suspended. Please visit https://support.github.com for more information.
fatal: unable to access 'https://github.com/open-vulnera/open-vulnera/': The requested URL returned error: 403
[Mon Mar  2 03:06:32 PST 2026] Pulling latest changes...
remote: Your account is suspended. Please visit https://support.github.com for more information.
fatal: unable to access 'https://github.com/open-vulnera/open-vulnera/': The requested URL returned error: 403
[Mon Mar  2 03:06:39 PST 2026] Pulling latest changes...
remote: Your account is suspended. Please visit https://support.github.com for more information.
fatal: unable to access 'https://github.com/open-vulnera/open-vulnera/': The requested URL returned error: 403
[Mon Mar  2 03:06:45 PST 2026] Pulling latest changes...
remote: Your account is suspended. Please visit https://support.github.com for more information.
fatal: unable to access 'https://github.com/open-vulnera/open-vulnera/': The requested URL returned error: 403
[Mon Mar  2 03:06:52 PST 2026] Pulling latest changes...
remote: Your account is suspended. Please visit https://support.github.com for more information.
fatal: unable to access 'https://github.com/open-vulnera/open-vulnera/': The requested URL returned error: 403
[Mon Mar  2 03:06:59 PST 2026] Pulling latest changes...
remote: Your account is suspended. Please visit https://support.github.com for more information.
fatal: unable to access 'https://github.com/open-vulnera/open-vulnera/': The requested URL returned error: 403
[Mon Mar  2 03:07:06 PST 2026] Pulling latest changes...
remote: Your account is suspended. Please visit https://support.github.com for more information.
fatal: unable to access 'https://github.com/open-vulnera/open-vulnera/': The requested URL returned error: 403
[Mon Mar  2 03:07:12 PST 2026] Pulling latest changes...
remote: Your account is suspended. Please visit https://support.github.com for more information.
fatal: unable to access 'https://github.com/open-vulnera/open-vulnera/': The requested URL returned error: 403
[Mon Mar  2 03:07:18 PST 2026] Pulling latest changes...
remote: Your account is suspended. Please visit https://support.github.com for more information.
fatal: unable to access 'https://github.com/open-vulnera/open-vulnera/': The requested URL returned error: 403
[Mon Mar  2 03:07:24 PST 2026] Pulling latest changes...
remote: Your account is suspended. Please visit https://support.github.com for more information.
fatal: unable to access 'https://github.com/open-vulnera/open-vulnera/': The requested URL returned error: 403
[Mon Mar  2 03:07:31 PST 2026] Pulling latest changes...
remote: Your account is suspended. Please visit https://support.github.com for more information.
fatal: unable to access 'https://github.com/open-vulnera/open-vulnera/': The requested URL returned error: 403
[Mon Mar  2 03:07:37 PST 2026] Pulling latest changes...
remote: Your account is suspended. Please visit https://support.github.com for more information.
fatal: unable to access 'https://github.com/open-vulnera/open-vulnera/': The requested URL returned error: 403
[Mon Mar  2 03:07:43 PST 2026] Pulling latest changes...
remote: Your account is suspended. Please visit https://support.github.com for more information.
fatal: unable to access 'https://github.com/open-vulnera/open-vulnera/': The requested URL returned error: 403
[Mon Mar  2 03:07:49 PST 2026] Pulling latest changes...
remote: Your account is suspended. Please visit https://support.github.com for more information.
fatal: unable to access 'https://github.com/open-vulnera/open-vulnera/': The requested URL returned error: 403
[Mon Mar  2 03:07:56 PST 2026] Pulling latest changes...
remote: Your account is suspended. Please visit https://support.github.com for more information.
fatal: unable to access 'https://github.com/open-vulnera/open-vulnera/': The requested URL returned error: 403
[Mon Mar  2 03:08:02 PST 2026] Pulling latest changes...
remote: Your account is suspended. Please visit https://support.github.com for more information.
fatal: unable to access 'https://github.com/open-vulnera/open-vulnera/': The requested URL returned error: 403
[Mon Mar  2 03:08:09 PST 2026] Pulling latest changes...
remote: Your account is suspended. Please visit https://support.github.com for more information.
fatal: unable to access 'https://github.com/open-vulnera/open-vulnera/': The requested URL returned error: 403
[Mon Mar  2 03:08:15 PST 2026] Pulling latest changes...
remote: Your account is suspended. Please visit https://support.github.com for more information.
fatal: unable to access 'https://github.com/open-vulnera/open-vulnera/': The requested URL returned error: 403
[Mon Mar  2 03:08:21 PST 2026] Pulling latest changes...
remote: Your account is suspended. Please visit https://support.github.com for more information.
fatal: unable to access 'https://github.com/open-vulnera/open-vulnera/': The requested URL returned error: 403
[Mon Mar  2 03:08:28 PST 2026] Pulling latest changes...
remote: Your account is suspended. Please visit https://support.github.com for more information.
fatal: unable to access 'https://github.com/open-vulnera/open-vulnera/': The requested URL returned error: 403
[Mon Mar  2 03:08:34 PST 2026] Pulling latest changes...
remote: Your account is suspended. Please visit https://support.github.com for more information.
fatal: unable to access 'https://github.com/open-vulnera/open-vulnera/': The requested URL returned error: 403
[Mon Mar  2 03:08:41 PST 2026] Pulling latest changes...
remote: Your account is suspended. Please visit https://support.github.com for more information.
fatal: unable to access 'https://github.com/open-vulnera/open-vulnera/': The requested URL returned error: 403
[Mon Mar  2 03:08:47 PST 2026] Pulling latest changes...
remote: Your account is suspended. Please visit https://support.github.com for more information.
fatal: unable to access 'https://github.com/open-vulnera/open-vulnera/': The requested URL returned error: 403
[Mon Mar  2 03:08:54 PST 2026] Pulling latest changes...
remote: Your account is suspended. Please visit https://support.github.com for more information.
fatal: unable to access 'https://github.com/open-vulnera/open-vulnera/': The requested URL returned error: 403
[Mon Mar  2 03:09:00 PST 2026] Pulling latest changes...
remote: Your account is suspended. Please visit https://support.github.com for more information.
fatal: unable to access 'https://github.com/open-vulnera/open-vulnera/': The requested URL returned error: 403
[Mon Mar  2 03:09:07 PST 2026] Pulling latest changes...
remote: Your account is suspended. Please visit https://support.github.com for more information.
fatal: unable to access 'https://github.com/open-vulnera/open-vulnera/': The requested URL returned error: 403
[Mon Mar  2 03:09:13 PST 2026] Pulling latest changes...
remote: Your account is suspended. Please visit https://support.github.com for more information.
fatal: unable to access 'https://github.com/open-vulnera/open-vulnera/': The requested URL returned error: 403
[Mon Mar  2 03:09:19 PST 2026] Pulling latest changes...
remote: Your account is suspended. Please visit https://support.github.com for more information.
fatal: unable to access 'https://github.com/open-vulnera/open-vulnera/': The requested URL returned error: 403
[Mon Mar  2 03:09:26 PST 2026] Pulling latest changes...
remote: Your account is suspended. Please visit https://support.github.com for more information.
fatal: unable to access 'https://github.com/open-vulnera/open-vulnera/': The requested URL returned error: 403
[Mon Mar  2 03:09:33 PST 2026] Pulling latest changes...
remote: Your account is suspended. Please visit https://support.github.com for more information.
fatal: unable to access 'https://github.com/open-vulnera/open-vulnera/': The requested URL returned error: 403
[Mon Mar  2 03:09:39 PST 2026] Pulling latest changes...
remote: Your account is suspended. Please visit https://support.github.com for more information.
fatal: unable to access 'https://github.com/open-vulnera/open-vulnera/': The requested URL returned error: 403
[Mon Mar  2 03:09:46 PST 2026] Pulling latest changes...
remote: Your account is suspended. Please visit https://support.github.com for more information.
fatal: unable to access 'https://github.com/open-vulnera/open-vulnera/': The requested URL returned error: 403
[Mon Mar  2 03:09:52 PST 2026] Pulling latest changes...
remote: Your account is suspended. Please visit https://support.github.com for more information.
fatal: unable to access 'https://github.com/open-vulnera/open-vulnera/': The requested URL returned error: 403
[Mon Mar  2 03:09:59 PST 2026] Pulling latest changes...
remote: Your account is suspended. Please visit https://support.github.com for more information.
fatal: unable to access 'https://github.com/open-vulnera/open-vulnera/': The requested URL returned error: 403
[Mon Mar  2 03:10:05 PST 2026] Pulling latest changes...
remote: Your account is suspended. Please visit https://support.github.com for more information.
fatal: unable to access 'https://github.com/open-vulnera/open-vulnera/': The requested URL returned error: 403
[Mon Mar  2 03:10:12 PST 2026] Pulling latest changes...
remote: Your account is suspended. Please visit https://support.github.com for more information.
fatal: unable to access 'https://github.com/open-vulnera/open-vulnera/': The requested URL returned error: 403
[Mon Mar  2 03:10:18 PST 2026] Pulling latest changes...
remote: Your account is suspended. Please visit https://support.github.com for more information.
fatal: unable to access 'https://github.com/open-vulnera/open-vulnera/': The requested URL returned error: 403
[Mon Mar  2 03:10:24 PST 2026] Pulling latest changes...
remote: Your account is suspended. Please visit https://support.github.com for more information.
fatal: unable to access 'https://github.com/open-vulnera/open-vulnera/': The requested URL returned error: 403
[Mon Mar  2 03:10:32 PST 2026] Pulling latest changes...
remote: Your account is suspended. Please visit https://support.github.com for more information.
fatal: unable to access 'https://github.com/open-vulnera/open-vulnera/': The requested URL returned error: 403
[Mon Mar  2 03:10:38 PST 2026] Pulling latest changes...
remote: Your account is suspended. Please visit https://support.github.com for more information.
fatal: unable to access 'https://github.com/open-vulnera/open-vulnera/': The requested URL returned error: 403
[Mon Mar  2 03:10:44 PST 2026] Pulling latest changes...
remote: Your account is suspended. Please visit https://support.github.com for more information.
fatal: unable to access 'https://github.com/open-vulnera/open-vulnera/': The requested URL returned error: 403
[Mon Mar  2 03:10:51 PST 2026] Pulling latest changes...
remote: Your account is suspended. Please visit https://support.github.com for more information.
fatal: unable to access 'https://github.com/open-vulnera/open-vulnera/': The requested URL returned error: 403
[Mon Mar  2 03:10:58 PST 2026] Pulling latest changes...
remote: Your account is suspended. Please visit https://support.github.com for more information.
fatal: unable to access 'https://github.com/open-vulnera/open-vulnera/': The requested URL returned error: 403
[Mon Mar  2 03:11:04 PST 2026] Pulling latest changes...
remote: Your account is suspended. Please visit https://support.github.com for more information.
fatal: unable to access 'https://github.com/open-vulnera/open-vulnera/': The requested URL returned error: 403
[Mon Mar  2 03:11:11 PST 2026] Pulling latest changes...
remote: Your account is suspended. Please visit https://support.github.com for more information.
fatal: unable to access 'https://github.com/open-vulnera/open-vulnera/': The requested URL returned error: 403
[Mon Mar  2 03:11:17 PST 2026] Pulling latest changes...
remote: Your account is suspended. Please visit https://support.github.com for more information.
fatal: unable to access 'https://github.com/open-vulnera/open-vulnera/': The requested URL returned error: 403
[Mon Mar  2 03:11:24 PST 2026] Pulling latest changes...
remote: Your account is suspended. Please visit https://support.github.com for more information.
fatal: unable to access 'https://github.com/open-vulnera/open-vulnera/': The requested URL returned error: 403
[Mon Mar  2 03:11:31 PST 2026] Pulling latest changes...
remote: Your account is suspended. Please visit https://support.github.com for more information.
fatal: unable to access 'https://github.com/open-vulnera/open-vulnera/': The requested URL returned error: 403
[Mon Mar  2 03:11:37 PST 2026] Pulling latest changes...
remote: Your account is suspended. Please visit https://support.github.com for more information.
fatal: unable to access 'https://github.com/open-vulnera/open-vulnera/': The requested URL returned error: 403
[Mon Mar  2 03:11:44 PST 2026] Pulling latest changes...
remote: Your account is suspended. Please visit https://support.github.com for more information.
fatal: unable to access 'https://github.com/open-vulnera/open-vulnera/': The requested URL returned error: 403
[Mon Mar  2 03:11:50 PST 2026] Pulling latest changes...
remote: Your account is suspended. Please visit https://support.github.com for more information.
fatal: unable to access 'https://github.com/open-vulnera/open-vulnera/': The requested URL returned error: 403
[Mon Mar  2 03:11:57 PST 2026] Pulling latest changes...
remote: Your account is suspended. Please visit https://support.github.com for more information.
fatal: unable to access 'https://github.com/open-vulnera/open-vulnera/': The requested URL returned error: 403
[Mon Mar  2 03:12:03 PST 2026] Pulling latest changes...
remote: Your account is suspended. Please visit https://support.github.com for more information.
fatal: unable to access 'https://github.com/open-vulnera/open-vulnera/': The requested URL returned error: 403
[Mon Mar  2 03:12:10 PST 2026] Pulling latest changes...
remote: Your account is suspended. Please visit https://support.github.com for more information.
fatal: unable to access 'https://github.com/open-vulnera/open-vulnera/': The requested URL returned error: 403
[Mon Mar  2 03:12:16 PST 2026] Pulling latest changes...
remote: Your account is suspended. Please visit https://support.github.com for more information.
fatal: unable to access 'https://github.com/open-vulnera/open-vulnera/': The requested URL returned error: 403
[Mon Mar  2 03:12:22 PST 2026] Pulling latest changes...
remote: Your account is suspended. Please visit https://support.github.com for more information.
fatal: unable to access 'https://github.com/open-vulnera/open-vulnera/': The requested URL returned error: 403
[Mon Mar  2 03:12:29 PST 2026] Pulling latest changes...
remote: Your account is suspended. Please visit https://support.github.com for more information.
fatal: unable to access 'https://github.com/open-vulnera/open-vulnera/': The requested URL returned error: 403
[Mon Mar  2 03:12:35 PST 2026] Pulling latest changes...
remote: Your account is suspended. Please visit https://support.github.com for more information.
fatal: unable to access 'https://github.com/open-vulnera/open-vulnera/': The requested URL returned error: 403
[Mon Mar  2 03:12:42 PST 2026] Pulling latest changes...
remote: Your account is suspended. Please visit https://support.github.com for more information.
fatal: unable to access 'https://github.com/open-vulnera/open-vulnera/': The requested URL returned error: 403
[Mon Mar  2 03:12:49 PST 2026] Pulling latest changes...
remote: Your account is suspended. Please visit https://support.github.com for more information.
fatal: unable to access 'https://github.com/open-vulnera/open-vulnera/': The requested URL returned error: 403
[Mon Mar  2 03:12:56 PST 2026] Pulling latest changes...
remote: Your account is suspended. Please visit https://support.github.com for more information.
fatal: unable to access 'https://github.com/open-vulnera/open-vulnera/': The requested URL returned error: 403
[Mon Mar  2 03:13:02 PST 2026] Pulling latest changes...
remote: Your account is suspended. Please visit https://support.github.com for more information.
fatal: unable to access 'https://github.com/open-vulnera/open-vulnera/': The requested URL returned error: 403
[Mon Mar  2 03:13:09 PST 2026] Pulling latest changes...
remote: Your account is suspended. Please visit https://support.github.com for more information.
fatal: unable to access 'https://github.com/open-vulnera/open-vulnera/': The requested URL returned error: 403
[Mon Mar  2 03:13:15 PST 2026] Pulling latest changes...
remote: Your account is suspended. Please visit https://support.github.com for more information.
fatal: unable to access 'https://github.com/open-vulnera/open-vulnera/': The requested URL returned error: 403
[Mon Mar  2 03:13:22 PST 2026] Pulling latest changes...
remote: Your account is suspended. Please visit https://support.github.com for more information.
fatal: unable to access 'https://github.com/open-vulnera/open-vulnera/': The requested URL returned error: 403
[Mon Mar  2 03:13:28 PST 2026] Pulling latest changes...
remote: Your account is suspended. Please visit https://support.github.com for more information.
fatal: unable to access 'https://github.com/open-vulnera/open-vulnera/': The requested URL returned error: 403
[Mon Mar  2 03:13:35 PST 2026] Pulling latest changes...
remote: Your account is suspended. Please visit https://support.github.com for more information.
fatal: unable to access 'https://github.com/open-vulnera/open-vulnera/': The requested URL returned error: 403
[Mon Mar  2 03:13:41 PST 2026] Pulling latest changes...
remote: Your account is suspended. Please visit https://support.github.com for more information.
fatal: unable to access 'https://github.com/open-vulnera/open-vulnera/': The requested URL returned error: 403
[Mon Mar  2 03:13:47 PST 2026] Pulling latest changes...
remote: Your account is suspended. Please visit https://support.github.com for more information.
fatal: unable to access 'https://github.com/open-vulnera/open-vulnera/': The requested URL returned error: 403
[Mon Mar  2 03:13:54 PST 2026] Pulling latest changes...
remote: Your account is suspended. Please visit https://support.github.com for more information.
fatal: unable to access 'https://github.com/open-vulnera/open-vulnera/': The requested URL returned error: 403
[Mon Mar  2 03:14:01 PST 2026] Pulling latest changes...
remote: Your account is suspended. Please visit https://support.github.com for more information.
fatal: unable to access 'https://github.com/open-vulnera/open-vulnera/': The requested URL returned error: 403
[Mon Mar  2 03:14:08 PST 2026] Pulling latest changes...
remote: Your account is suspended. Please visit https://support.github.com for more information.
fatal: unable to access 'https://github.com/open-vulnera/open-vulnera/': The requested URL returned error: 403
[Mon Mar  2 03:14:16 PST 2026] Pulling latest changes...
remote: Your account is suspended. Please visit https://support.github.com for more information.
fatal: unable to access 'https://github.com/open-vulnera/open-vulnera/': The requested URL returned error: 403
[Mon Mar  2 03:14:24 PST 2026] Pulling latest changes...
remote: Your account is suspended. Please visit https://support.github.com for more information.
fatal: unable to access 'https://github.com/open-vulnera/open-vulnera/': The requested URL returned error: 403
[Mon Mar  2 03:14:32 PST 2026] Pulling latest changes...
remote: Your account is suspended. Please visit https://support.github.com for more information.
fatal: unable to access 'https://github.com/open-vulnera/open-vulnera/': The requested URL returned error: 403
[Mon Mar  2 03:14:39 PST 2026] Pulling latest changes...
remote: Your account is suspended. Please visit https://support.github.com for more information.
fatal: unable to access 'https://github.com/open-vulnera/open-vulnera/': The requested URL returned error: 403
[Mon Mar  2 03:14:45 PST 2026] Pulling latest changes...
remote: Your account is suspended. Please visit https://support.github.com for more information.
fatal: unable to access 'https://github.com/open-vulnera/open-vulnera/': The requested URL returned error: 403
[Mon Mar  2 03:14:51 PST 2026] Pulling latest changes...
remote: Your account is suspended. Please visit https://support.github.com for more information.
fatal: unable to access 'https://github.com/open-vulnera/open-vulnera/': The requested URL returned error: 403
[Mon Mar  2 03:14:58 PST 2026] Pulling latest changes...
remote: Your account is suspended. Please visit https://support.github.com for more information.
fatal: unable to access 'https://github.com/open-vulnera/open-vulnera/': The requested URL returned error: 403
[Mon Mar  2 03:15:04 PST 2026] Pulling latest changes...
remote: Your account is suspended. Please visit https://support.github.com for more information.
fatal: unable to access 'https://github.com/open-vulnera/open-vulnera/': The requested URL returned error: 403
[Mon Mar  2 03:15:11 PST 2026] Pulling latest changes...
remote: Your account is suspended. Please visit https://support.github.com for more information.
fatal: unable to access 'https://github.com/open-vulnera/open-vulnera/': The requested URL returned error: 403
[Mon Mar  2 03:15:18 PST 2026] Pulling latest changes...
remote: Your account is suspended. Please visit https://support.github.com for more information.
fatal: unable to access 'https://github.com/open-vulnera/open-vulnera/': The requested URL returned error: 403
[Mon Mar  2 03:15:24 PST 2026] Pulling latest changes...
remote: Your account is suspended. Please visit https://support.github.com for more information.
fatal: unable to access 'https://github.com/open-vulnera/open-vulnera/': The requested URL returned error: 403
[Mon Mar  2 03:15:31 PST 2026] Pulling latest changes...
remote: Your account is suspended. Please visit https://support.github.com for more information.
fatal: unable to access 'https://github.com/open-vulnera/open-vulnera/': The requested URL returned error: 403
[Mon Mar  2 03:15:38 PST 2026] Pulling latest changes...
remote: Your account is suspended. Please visit https://support.github.com for more information.
fatal: unable to access 'https://github.com/open-vulnera/open-vulnera/': The requested URL returned error: 403
[Mon Mar  2 03:15:44 PST 2026] Pulling latest changes...
remote: Your account is suspended. Please visit https://support.github.com for more information.
fatal: unable to access 'https://github.com/open-vulnera/open-vulnera/': The requested URL returned error: 403
[Mon Mar  2 03:15:51 PST 2026] Pulling latest changes...
remote: Your account is suspended. Please visit https://support.github.com for more information.
fatal: unable to access 'https://github.com/open-vulnera/open-vulnera/': The requested URL returned error: 403
[Mon Mar  2 03:15:57 PST 2026] Pulling latest changes...
remote: Your account is suspended. Please visit https://support.github.com for more information.
fatal: unable to access 'https://github.com/open-vulnera/open-vulnera/': The requested URL returned error: 403
[Mon Mar  2 03:16:03 PST 2026] Pulling latest changes...
remote: Your account is suspended. Please visit https://support.github.com for more information.
fatal: unable to access 'https://github.com/open-vulnera/open-vulnera/': The requested URL returned error: 403
[Mon Mar  2 03:16:10 PST 2026] Pulling latest changes...
remote: Your account is suspended. Please visit https://support.github.com for more information.
fatal: unable to access 'https://github.com/open-vulnera/open-vulnera/': The requested URL returned error: 403
[Mon Mar  2 03:16:16 PST 2026] Pulling latest changes...
remote: Your account is suspended. Please visit https://support.github.com for more information.
fatal: unable to access 'https://github.com/open-vulnera/open-vulnera/': The requested URL returned error: 403
[Mon Mar  2 03:16:22 PST 2026] Pulling latest changes...
remote: Your account is suspended. Please visit https://support.github.com for more information.
fatal: unable to access 'https://github.com/open-vulnera/open-vulnera/': The requested URL returned error: 403
[Mon Mar  2 03:16:29 PST 2026] Pulling latest changes...
remote: Your account is suspended. Please visit https://support.github.com for more information.
fatal: unable to access 'https://github.com/open-vulnera/open-vulnera/': The requested URL returned error: 403
[Mon Mar  2 03:16:35 PST 2026] Pulling latest changes...
remote: Your account is suspended. Please visit https://support.github.com for more information.
fatal: unable to access 'https://github.com/open-vulnera/open-vulnera/': The requested URL returned error: 403
[Mon Mar  2 03:16:42 PST 2026] Pulling latest changes...
remote: Your account is suspended. Please visit https://support.github.com for more information.
fatal: unable to access 'https://github.com/open-vulnera/open-vulnera/': The requested URL returned error: 403
[Mon Mar  2 03:16:48 PST 2026] Pulling latest changes...
remote: Your account is suspended. Please visit https://support.github.com for more information.
fatal: unable to access 'https://github.com/open-vulnera/open-vulnera/': The requested URL returned error: 403
[Mon Mar  2 03:16:54 PST 2026] Pulling latest changes...
remote: Your account is suspended. Please visit https://support.github.com for more information.
fatal: unable to access 'https://github.com/open-vulnera/open-vulnera/': The requested URL returned error: 403
[Mon Mar  2 03:17:01 PST 2026] Pulling latest changes...
remote: Your account is suspended. Please visit https://support.github.com for more information.
fatal: unable to access 'https://github.com/open-vulnera/open-vulnera/': The requested URL returned error: 403
[Mon Mar  2 03:17:07 PST 2026] Pulling latest changes...
remote: Your account is suspended. Please visit https://support.github.com for more information.
fatal: unable to access 'https://github.com/open-vulnera/open-vulnera/': The requested URL returned error: 403
[Mon Mar  2 03:17:14 PST 2026] Pulling latest changes...
remote: Your account is suspended. Please visit https://support.github.com for more information.
fatal: unable to access 'https://github.com/open-vulnera/open-vulnera/': The requested URL returned error: 403
[Mon Mar  2 03:17:21 PST 2026] Pulling latest changes...
remote: Your account is suspended. Please visit https://support.github.com for more information.
fatal: unable to access 'https://github.com/open-vulnera/open-vulnera/': The requested URL returned error: 403
[Mon Mar  2 03:17:27 PST 2026] Pulling latest changes...
remote: Your account is suspended. Please visit https://support.github.com for more information.
fatal: unable to access 'https://github.com/open-vulnera/open-vulnera/': The requested URL returned error: 403
[Mon Mar  2 03:17:33 PST 2026] Pulling latest changes...
remote: Your account is suspended. Please visit https://support.github.com for more information.
fatal: unable to access 'https://github.com/open-vulnera/open-vulnera/': The requested URL returned error: 403
[Mon Mar  2 03:17:40 PST 2026] Pulling latest changes...
remote: Your account is suspended. Please visit https://support.github.com for more information.
fatal: unable to access 'https://github.com/open-vulnera/open-vulnera/': The requested URL returned error: 403
[Mon Mar  2 03:17:47 PST 2026] Pulling latest changes...
remote: Your account is suspended. Please visit https://support.github.com for more information.
fatal: unable to access 'https://github.com/open-vulnera/open-vulnera/': The requested URL returned error: 403
[Mon Mar  2 03:17:53 PST 2026] Pulling latest changes...
remote: Your account is suspended. Please visit https://support.github.com for more information.
fatal: unable to access 'https://github.com/open-vulnera/open-vulnera/': The requested URL returned error: 403
[Mon Mar  2 03:18:00 PST 2026] Pulling latest changes...
remote: Your account is suspended. Please visit https://support.github.com for more information.
fatal: unable to access 'https://github.com/open-vulnera/open-vulnera/': The requested URL returned error: 403
[Mon Mar  2 03:18:06 PST 2026] Pulling latest changes...
remote: Your account is suspended. Please visit https://support.github.com for more information.
fatal: unable to access 'https://github.com/open-vulnera/open-vulnera/': The requested URL returned error: 403
[Mon Mar  2 03:18:12 PST 2026] Pulling latest changes...
remote: Your account is suspended. Please visit https://support.github.com for more information.
fatal: unable to access 'https://github.com/open-vulnera/open-vulnera/': The requested URL returned error: 403
[Mon Mar  2 03:18:19 PST 2026] Pulling latest changes...
remote: Your account is suspended. Please visit https://support.github.com for more information.
fatal: unable to access 'https://github.com/open-vulnera/open-vulnera/': The requested URL returned error: 403
[Mon Mar  2 03:18:25 PST 2026] Pulling latest changes...
remote: Your account is suspended. Please visit https://support.github.com for more information.
fatal: unable to access 'https://github.com/open-vulnera/open-vulnera/': The requested URL returned error: 403
[Mon Mar  2 03:18:32 PST 2026] Pulling latest changes...
remote: Your account is suspended. Please visit https://support.github.com for more information.
fatal: unable to access 'https://github.com/open-vulnera/open-vulnera/': The requested URL returned error: 403
[Mon Mar  2 03:18:38 PST 2026] Pulling latest changes...
remote: Your account is suspended. Please visit https://support.github.com for more information.
fatal: unable to access 'https://github.com/open-vulnera/open-vulnera/': The requested URL returned error: 403
[Mon Mar  2 03:18:44 PST 2026] Pulling latest changes...
remote: Your account is suspended. Please visit https://support.github.com for more information.
fatal: unable to access 'https://github.com/open-vulnera/open-vulnera/': The requested URL returned error: 403
[Mon Mar  2 03:18:51 PST 2026] Pulling latest changes...
remote: Your account is suspended. Please visit https://support.github.com for more information.
fatal: unable to access 'https://github.com/open-vulnera/open-vulnera/': The requested URL returned error: 403
[Mon Mar  2 03:18:57 PST 2026] Pulling latest changes...
remote: Your account is suspended. Please visit https://support.github.com for more information.
fatal: unable to access 'https://github.com/open-vulnera/open-vulnera/': The requested URL returned error: 403
[Mon Mar  2 03:19:04 PST 2026] Pulling latest changes...
remote: Your account is suspended. Please visit https://support.github.com for more information.
fatal: unable to access 'https://github.com/open-vulnera/open-vulnera/': The requested URL returned error: 403
[Mon Mar  2 03:19:10 PST 2026] Pulling latest changes...
remote: Your account is suspended. Please visit https://support.github.com for more information.
fatal: unable to access 'https://github.com/open-vulnera/open-vulnera/': The requested URL returned error: 403
[Mon Mar  2 03:19:16 PST 2026] Pulling latest changes...
remote: Your account is suspended. Please visit https://support.github.com for more information.
fatal: unable to access 'https://github.com/open-vulnera/open-vulnera/': The requested URL returned error: 403
[Mon Mar  2 03:19:23 PST 2026] Pulling latest changes...
remote: Your account is suspended. Please visit https://support.github.com for more information.
fatal: unable to access 'https://github.com/open-vulnera/open-vulnera/': The requested URL returned error: 403
[Mon Mar  2 03:19:29 PST 2026] Pulling latest changes...
remote: Your account is suspended. Please visit https://support.github.com for more information.
fatal: unable to access 'https://github.com/open-vulnera/open-vulnera/': The requested URL returned error: 403
[Mon Mar  2 03:19:36 PST 2026] Pulling latest changes...
remote: Your account is suspended. Please visit https://support.github.com for more information.
fatal: unable to access 'https://github.com/open-vulnera/open-vulnera/': The requested URL returned error: 403
[Mon Mar  2 03:19:42 PST 2026] Pulling latest changes...
remote: Your account is suspended. Please visit https://support.github.com for more information.
fatal: unable to access 'https://github.com/open-vulnera/open-vulnera/': The requested URL returned error: 403
[Mon Mar  2 03:19:48 PST 2026] Pulling latest changes...
remote: Your account is suspended. Please visit https://support.github.com for more information.
fatal: unable to access 'https://github.com/open-vulnera/open-vulnera/': The requested URL returned error: 403
[Mon Mar  2 03:19:55 PST 2026] Pulling latest changes...
remote: Your account is suspended. Please visit https://support.github.com for more information.
fatal: unable to access 'https://github.com/open-vulnera/open-vulnera/': The requested URL returned error: 403
[Mon Mar  2 03:20:01 PST 2026] Pulling latest changes...
remote: Your account is suspended. Please visit https://support.github.com for more information.
fatal: unable to access 'https://github.com/open-vulnera/open-vulnera/': The requested URL returned error: 403
[Mon Mar  2 03:20:08 PST 2026] Pulling latest changes...
remote: Your account is suspended. Please visit https://support.github.com for more information.
fatal: unable to access 'https://github.com/open-vulnera/open-vulnera/': The requested URL returned error: 403
[Mon Mar  2 03:20:14 PST 2026] Pulling latest changes...
remote: Your account is suspended. Please visit https://support.github.com for more information.
fatal: unable to access 'https://github.com/open-vulnera/open-vulnera/': The requested URL returned error: 403
[Mon Mar  2 03:20:21 PST 2026] Pulling latest changes...
remote: Your account is suspended. Please visit https://support.github.com for more information.
fatal: unable to access 'https://github.com/open-vulnera/open-vulnera/': The requested URL returned error: 403
[Mon Mar  2 03:20:28 PST 2026] Pulling latest changes...
remote: Your account is suspended. Please visit https://support.github.com for more information.
fatal: unable to access 'https://github.com/open-vulnera/open-vulnera/': The requested URL returned error: 403
[Mon Mar  2 03:20:35 PST 2026] Pulling latest changes...
remote: Your account is suspended. Please visit https://support.github.com for more information.
fatal: unable to access 'https://github.com/open-vulnera/open-vulnera/': The requested URL returned error: 403
[Mon Mar  2 03:20:41 PST 2026] Pulling latest changes...
remote: Your account is suspended. Please visit https://support.github.com for more information.
fatal: unable to access 'https://github.com/open-vulnera/open-vulnera/': The requested URL returned error: 403
[Mon Mar  2 03:20:48 PST 2026] Pulling latest changes...
remote: Your account is suspended. Please visit https://support.github.com for more information.
fatal: unable to access 'https://github.com/open-vulnera/open-vulnera/': The requested URL returned error: 403
[Mon Mar  2 03:20:54 PST 2026] Pulling latest changes...
remote: Your account is suspended. Please visit https://support.github.com for more information.
fatal: unable to access 'https://github.com/open-vulnera/open-vulnera/': The requested URL returned error: 403
[Mon Mar  2 03:21:01 PST 2026] Pulling latest changes...
remote: Your account is suspended. Please visit https://support.github.com for more information.
fatal: unable to access 'https://github.com/open-vulnera/open-vulnera/': The requested URL returned error: 403
[Mon Mar  2 03:21:07 PST 2026] Pulling latest changes...
remote: Your account is suspended. Please visit https://support.github.com for more information.
fatal: unable to access 'https://github.com/open-vulnera/open-vulnera/': The requested URL returned error: 403
[Mon Mar  2 03:21:14 PST 2026] Pulling latest changes...
remote: Your account is suspended. Please visit https://support.github.com for more information.
fatal: unable to access 'https://github.com/open-vulnera/open-vulnera/': The requested URL returned error: 403
[Mon Mar  2 03:21:21 PST 2026] Pulling latest changes...
remote: Your account is suspended. Please visit https://support.github.com for more information.
fatal: unable to access 'https://github.com/open-vulnera/open-vulnera/': The requested URL returned error: 403
[Mon Mar  2 03:21:27 PST 2026] Pulling latest changes...
remote: Your account is suspended. Please visit https://support.github.com for more information.
fatal: unable to access 'https://github.com/open-vulnera/open-vulnera/': The requested URL returned error: 403
[Mon Mar  2 03:21:34 PST 2026] Pulling latest changes...
remote: Your account is suspended. Please visit https://support.github.com for more information.
fatal: unable to access 'https://github.com/open-vulnera/open-vulnera/': The requested URL returned error: 403
[Mon Mar  2 03:21:40 PST 2026] Pulling latest changes...
remote: Your account is suspended. Please visit https://support.github.com for more information.
fatal: unable to access 'https://github.com/open-vulnera/open-vulnera/': The requested URL returned error: 403
[Mon Mar  2 03:21:46 PST 2026] Pulling latest changes...
remote: Your account is suspended. Please visit https://support.github.com for more information.
fatal: unable to access 'https://github.com/open-vulnera/open-vulnera/': The requested URL returned error: 403
[Mon Mar  2 03:21:53 PST 2026] Pulling latest changes...
remote: Your account is suspended. Please visit https://support.github.com for more information.
fatal: unable to access 'https://github.com/open-vulnera/open-vulnera/': The requested URL returned error: 403
[Mon Mar  2 03:21:59 PST 2026] Pulling latest changes...
remote: Your account is suspended. Please visit https://support.github.com for more information.
fatal: unable to access 'https://github.com/open-vulnera/open-vulnera/': The requested URL returned error: 403
[Mon Mar  2 03:22:06 PST 2026] Pulling latest changes...
remote: Your account is suspended. Please visit https://support.github.com for more information.
fatal: unable to access 'https://github.com/open-vulnera/open-vulnera/': The requested URL returned error: 403
[Mon Mar  2 03:22:12 PST 2026] Pulling latest changes...
remote: Your account is suspended. Please visit https://support.github.com for more information.
fatal: unable to access 'https://github.com/open-vulnera/open-vulnera/': The requested URL returned error: 403
[Mon Mar  2 03:22:18 PST 2026] Pulling latest changes...
remote: Your account is suspended. Please visit https://support.github.com for more information.
fatal: unable to access 'https://github.com/open-vulnera/open-vulnera/': The requested URL returned error: 403
[Mon Mar  2 03:22:25 PST 2026] Pulling latest changes...
remote: Your account is suspended. Please visit https://support.github.com for more information.
fatal: unable to access 'https://github.com/open-vulnera/open-vulnera/': The requested URL returned error: 403
[Mon Mar  2 03:22:32 PST 2026] Pulling latest changes...
remote: Your account is suspended. Please visit https://support.github.com for more information.
fatal: unable to access 'https://github.com/open-vulnera/open-vulnera/': The requested URL returned error: 403
[Mon Mar  2 03:22:39 PST 2026] Pulling latest changes...
remote: Your account is suspended. Please visit https://support.github.com for more information.
fatal: unable to access 'https://github.com/open-vulnera/open-vulnera/': The requested URL returned error: 403
[Mon Mar  2 03:22:45 PST 2026] Pulling latest changes...
remote: Your account is suspended. Please visit https://support.github.com for more information.
fatal: unable to access 'https://github.com/open-vulnera/open-vulnera/': The requested URL returned error: 403
[Mon Mar  2 03:22:51 PST 2026] Pulling latest changes...
remote: Your account is suspended. Please visit https://support.github.com for more information.
fatal: unable to access 'https://github.com/open-vulnera/open-vulnera/': The requested URL returned error: 403
[Mon Mar  2 03:22:58 PST 2026] Pulling latest changes...
remote: Your account is suspended. Please visit https://support.github.com for more information.
fatal: unable to access 'https://github.com/open-vulnera/open-vulnera/': The requested URL returned error: 403
[Mon Mar  2 03:23:05 PST 2026] Pulling latest changes...
remote: Your account is suspended. Please visit https://support.github.com for more information.
fatal: unable to access 'https://github.com/open-vulnera/open-vulnera/': The requested URL returned error: 403
[Mon Mar  2 03:23:12 PST 2026] Pulling latest changes...
remote: Your account is suspended. Please visit https://support.github.com for more information.
fatal: unable to access 'https://github.com/open-vulnera/open-vulnera/': The requested URL returned error: 403
[Mon Mar  2 03:23:19 PST 2026] Pulling latest changes...
remote: Your account is suspended. Please visit https://support.github.com for more information.
fatal: unable to access 'https://github.com/open-vulnera/open-vulnera/': The requested URL returned error: 403
[Mon Mar  2 03:23:25 PST 2026] Pulling latest changes...
remote: Your account is suspended. Please visit https://support.github.com for more information.
fatal: unable to access 'https://github.com/open-vulnera/open-vulnera/': The requested URL returned error: 403
[Mon Mar  2 03:23:31 PST 2026] Pulling latest changes...
remote: Your account is suspended. Please visit https://support.github.com for more information.
fatal: unable to access 'https://github.com/open-vulnera/open-vulnera/': The requested URL returned error: 403
[Mon Mar  2 03:23:38 PST 2026] Pulling latest changes...
remote: Your account is suspended. Please visit https://support.github.com for more information.
fatal: unable to access 'https://github.com/open-vulnera/open-vulnera/': The requested URL returned error: 403
[Mon Mar  2 03:23:45 PST 2026] Pulling latest changes...
remote: Your account is suspended. Please visit https://support.github.com for more information.
fatal: unable to access 'https://github.com/open-vulnera/open-vulnera/': The requested URL returned error: 403
[Mon Mar  2 03:23:51 PST 2026] Pulling latest changes...
remote: Your account is suspended. Please visit https://support.github.com for more information.
fatal: unable to access 'https://github.com/open-vulnera/open-vulnera/': The requested URL returned error: 403
[Mon Mar  2 03:23:58 PST 2026] Pulling latest changes...
remote: Your account is suspended. Please visit https://support.github.com for more information.
fatal: unable to access 'https://github.com/open-vulnera/open-vulnera/': The requested URL returned error: 403
[Mon Mar  2 03:24:05 PST 2026] Pulling latest changes...
remote: Your account is suspended. Please visit https://support.github.com for more information.
fatal: unable to access 'https://github.com/open-vulnera/open-vulnera/': The requested URL returned error: 403
[Mon Mar  2 03:24:11 PST 2026] Pulling latest changes...
remote: Your account is suspended. Please visit https://support.github.com for more information.
fatal: unable to access 'https://github.com/open-vulnera/open-vulnera/': The requested URL returned error: 403
[Mon Mar  2 03:24:17 PST 2026] Pulling latest changes...
remote: Your account is suspended. Please visit https://support.github.com for more information.
fatal: unable to access 'https://github.com/open-vulnera/open-vulnera/': The requested URL returned error: 403
[Mon Mar  2 03:24:24 PST 2026] Pulling latest changes...
remote: Your account is suspended. Please visit https://support.github.com for more information.
fatal: unable to access 'https://github.com/open-vulnera/open-vulnera/': The requested URL returned error: 403
[Mon Mar  2 03:24:31 PST 2026] Pulling latest changes...
remote: Your account is suspended. Please visit https://support.github.com for more information.
fatal: unable to access 'https://github.com/open-vulnera/open-vulnera/': The requested URL returned error: 403
[Mon Mar  2 03:24:38 PST 2026] Pulling latest changes...
remote: Your account is suspended. Please visit https://support.github.com for more information.
fatal: unable to access 'https://github.com/open-vulnera/open-vulnera/': The requested URL returned error: 403
[Mon Mar  2 03:24:44 PST 2026] Pulling latest changes...
remote: Your account is suspended. Please visit https://support.github.com for more information.
fatal: unable to access 'https://github.com/open-vulnera/open-vulnera/': The requested URL returned error: 403
[Mon Mar  2 03:24:51 PST 2026] Pulling latest changes...
remote: Your account is suspended. Please visit https://support.github.com for more information.
fatal: unable to access 'https://github.com/open-vulnera/open-vulnera/': The requested URL returned error: 403
[Mon Mar  2 03:24:58 PST 2026] Pulling latest changes...
remote: Your account is suspended. Please visit https://support.github.com for more information.
fatal: unable to access 'https://github.com/open-vulnera/open-vulnera/': The requested URL returned error: 403
[Mon Mar  2 03:25:05 PST 2026] Pulling latest changes...
remote: Your account is suspended. Please visit https://support.github.com for more information.
fatal: unable to access 'https://github.com/open-vulnera/open-vulnera/': The requested URL returned error: 403
[Mon Mar  2 03:25:12 PST 2026] Pulling latest changes...
remote: Your account is suspended. Please visit https://support.github.com for more information.
fatal: unable to access 'https://github.com/open-vulnera/open-vulnera/': The requested URL returned error: 403
[Mon Mar  2 03:25:19 PST 2026] Pulling latest changes...
remote: Your account is suspended. Please visit https://support.github.com for more information.
fatal: unable to access 'https://github.com/open-vulnera/open-vulnera/': The requested URL returned error: 403
[Mon Mar  2 03:25:25 PST 2026] Pulling latest changes...
remote: Your account is suspended. Please visit https://support.github.com for more information.
fatal: unable to access 'https://github.com/open-vulnera/open-vulnera/': The requested URL returned error: 403
[Mon Mar  2 03:25:33 PST 2026] Pulling latest changes...
remote: Your account is suspended. Please visit https://support.github.com for more information.
fatal: unable to access 'https://github.com/open-vulnera/open-vulnera/': The requested URL returned error: 403
[Mon Mar  2 03:25:39 PST 2026] Pulling latest changes...
remote: Your account is suspended. Please visit https://support.github.com for more information.
fatal: unable to access 'https://github.com/open-vulnera/open-vulnera/': The requested URL returned error: 403
[Mon Mar  2 03:25:46 PST 2026] Pulling latest changes...
remote: Your account is suspended. Please visit https://support.github.com for more information.
fatal: unable to access 'https://github.com/open-vulnera/open-vulnera/': The requested URL returned error: 403
[Mon Mar  2 03:25:53 PST 2026] Pulling latest changes...
remote: Your account is suspended. Please visit https://support.github.com for more information.
fatal: unable to access 'https://github.com/open-vulnera/open-vulnera/': The requested URL returned error: 403
[Mon Mar  2 03:26:00 PST 2026] Pulling latest changes...
remote: Your account is suspended. Please visit https://support.github.com for more information.
fatal: unable to access 'https://github.com/open-vulnera/open-vulnera/': The requested URL returned error: 403
[Mon Mar  2 03:26:06 PST 2026] Pulling latest changes...
remote: Your account is suspended. Please visit https://support.github.com for more information.
fatal: unable to access 'https://github.com/open-vulnera/open-vulnera/': The requested URL returned error: 403
[Mon Mar  2 03:26:13 PST 2026] Pulling latest changes...
remote: Your account is suspended. Please visit https://support.github.com for more information.
fatal: unable to access 'https://github.com/open-vulnera/open-vulnera/': The requested URL returned error: 403
[Mon Mar  2 03:26:20 PST 2026] Pulling latest changes...
remote: Your account is suspended. Please visit https://support.github.com for more information.
fatal: unable to access 'https://github.com/open-vulnera/open-vulnera/': The requested URL returned error: 403
[Mon Mar  2 03:26:26 PST 2026] Pulling latest changes...
remote: Your account is suspended. Please visit https://support.github.com for more information.
fatal: unable to access 'https://github.com/open-vulnera/open-vulnera/': The requested URL returned error: 403
[Mon Mar  2 03:26:33 PST 2026] Pulling latest changes...
remote: Your account is suspended. Please visit https://support.github.com for more information.
fatal: unable to access 'https://github.com/open-vulnera/open-vulnera/': The requested URL returned error: 403
[Mon Mar  2 03:26:40 PST 2026] Pulling latest changes...
remote: Your account is suspended. Please visit https://support.github.com for more information.
fatal: unable to access 'https://github.com/open-vulnera/open-vulnera/': The requested URL returned error: 403
[Mon Mar  2 03:26:46 PST 2026] Pulling latest changes...
remote: Your account is suspended. Please visit https://support.github.com for more information.
fatal: unable to access 'https://github.com/open-vulnera/open-vulnera/': The requested URL returned error: 403
[Mon Mar  2 03:26:52 PST 2026] Pulling latest changes...
remote: Your account is suspended. Please visit https://support.github.com for more information.
fatal: unable to access 'https://github.com/open-vulnera/open-vulnera/': The requested URL returned error: 403
[Mon Mar  2 03:26:59 PST 2026] Pulling latest changes...
remote: Your account is suspended. Please visit https://support.github.com for more information.
fatal: unable to access 'https://github.com/open-vulnera/open-vulnera/': The requested URL returned error: 403
[Mon Mar  2 03:27:05 PST 2026] Pulling latest changes...
remote: Your account is suspended. Please visit https://support.github.com for more information.
fatal: unable to access 'https://github.com/open-vulnera/open-vulnera/': The requested URL returned error: 403
[Mon Mar  2 03:27:12 PST 2026] Pulling latest changes...
remote: Your account is suspended. Please visit https://support.github.com for more information.
fatal: unable to access 'https://github.com/open-vulnera/open-vulnera/': The requested URL returned error: 403
[Mon Mar  2 03:27:19 PST 2026] Pulling latest changes...
remote: Your account is suspended. Please visit https://support.github.com for more information.
fatal: unable to access 'https://github.com/open-vulnera/open-vulnera/': The requested URL returned error: 403
[Mon Mar  2 03:27:26 PST 2026] Pulling latest changes...
remote: Your account is suspended. Please visit https://support.github.com for more information.
fatal: unable to access 'https://github.com/open-vulnera/open-vulnera/': The requested URL returned error: 403
[Mon Mar  2 03:27:33 PST 2026] Pulling latest changes...
remote: Your account is suspended. Please visit https://support.github.com for more information.
fatal: unable to access 'https://github.com/open-vulnera/open-vulnera/': The requested URL returned error: 403
[Mon Mar  2 03:27:39 PST 2026] Pulling latest changes...
remote: Your account is suspended. Please visit https://support.github.com for more information.
fatal: unable to access 'https://github.com/open-vulnera/open-vulnera/': The requested URL returned error: 403
[Mon Mar  2 03:27:47 PST 2026] Pulling latest changes...
remote: Your account is suspended. Please visit https://support.github.com for more information.
fatal: unable to access 'https://github.com/open-vulnera/open-vulnera/': The requested URL returned error: 403
[Mon Mar  2 03:27:53 PST 2026] Pulling latest changes...
remote: Your account is suspended. Please visit https://support.github.com for more information.
fatal: unable to access 'https://github.com/open-vulnera/open-vulnera/': The requested URL returned error: 403
[Mon Mar  2 03:28:00 PST 2026] Pulling latest changes...
remote: Your account is suspended. Please visit https://support.github.com for more information.
fatal: unable to access 'https://github.com/open-vulnera/open-vulnera/': The requested URL returned error: 403
[Mon Mar  2 03:28:07 PST 2026] Pulling latest changes...
remote: Your account is suspended. Please visit https://support.github.com for more information.
fatal: unable to access 'https://github.com/open-vulnera/open-vulnera/': The requested URL returned error: 403
[Mon Mar  2 03:28:13 PST 2026] Pulling latest changes...
remote: Your account is suspended. Please visit https://support.github.com for more information.
fatal: unable to access 'https://github.com/open-vulnera/open-vulnera/': The requested URL returned error: 403
[Mon Mar  2 03:28:20 PST 2026] Pulling latest changes...
remote: Your account is suspended. Please visit https://support.github.com for more information.
fatal: unable to access 'https://github.com/open-vulnera/open-vulnera/': The requested URL returned error: 403
[Mon Mar  2 03:28:26 PST 2026] Pulling latest changes...
remote: Your account is suspended. Please visit https://support.github.com for more information.
fatal: unable to access 'https://github.com/open-vulnera/open-vulnera/': The requested URL returned error: 403
[Mon Mar  2 03:28:33 PST 2026] Pulling latest changes...
remote: Your account is suspended. Please visit https://support.github.com for more information.
fatal: unable to access 'https://github.com/open-vulnera/open-vulnera/': The requested URL returned error: 403
[Mon Mar  2 03:28:39 PST 2026] Pulling latest changes...
[Mon Mar  2 05:01:14 PST 2026] Pulling latest changes...
Already up to date.
[Mon Mar  2 05:01:20 PST 2026] Pulling latest changes...
Already up to date.
[Mon Mar  2 05:01:26 PST 2026] Pulling latest changes...
Already up to date.
[Mon Mar  2 05:01:33 PST 2026] Pulling latest changes...
Already up to date.
